SourceRow,InvoiceNo,StockCode,Description,Quantity,InvoiceDate,UnitPrice,CustomerID,Country,LineAmount,Year,Month,HasCustomerID,TransactionType,ItemType
143,C536379,D,Discount,-1,2010-12-01 09:41:00,27.5,14527,United Kingdom,-27.5,2010,2010-12,True,Cancellation,Discount
485,536409,90199C,5 STRAND GLASS NECKLACE CRYSTAL,3,2010-12-01 11:45:00,6.35,17908,United Kingdom,19.049999999999997,2010,2010-12,True,Sale,Merchandise
1042,536522,85035B,CHOCOLATE 3 WICK MORRIS BOX CANDLE,1,2010-12-01 12:49:00,4.25,15012,United Kingdom,4.25,2010,2010-12,True,Sale,Merchandise
1263,536532,22865,HAND WARMER OWL DESIGN,12,2010-12-01 13:24:00,2.1,12433,Norway,25.200000000000003,2010,2010-12,True,Sale,Merchandise
1360,536538,21690,SILVER  CANDLEPOT JARDIN,4,2010-12-01 13:54:00,3.75,14594,United Kingdom,15.0,2010,2010-12,True,Sale,Merchandise
1420,536540,21055,TOOL BOX SOFT TOY,4,2010-12-01 14:05:00,8.95,14911,EIRE,35.8,2010,2010-12,True,Sale,Merchandise
2140,536561,22865,HAND WARMER OWL DESIGN,12,2010-12-01 15:06:00,2.1,12921,United Kingdom,25.200000000000003,2010,2010-12,True,Sale,Merchandise
2297,536572,21756,BATH BUILDING BLOCK WORD,3,2010-12-01 15:40:00,5.95,16539,United Kingdom,17.85,2010,2010-12,True,Sale,Merchandise
2356,536582,21481,FAWN BLUE HOT WATER BOTTLE,6,2010-12-01 16:21:00,2.95,12947,United Kingdom,17.700000000000003,2010,2010-12,True,Sale,Merchandise
3100,536597,72818,CHRISTMAS DECOUPAGE CANDLE,4,2010-12-01 17:35:00,0.85,18011,United Kingdom,3.4,2010,2010-12,True,Sale,Merchandise
3503,536634,20674,GREEN POLKADOT BOWL,12,2010-12-02 11:21:00,1.25,18041,United Kingdom,15.0,2010,2010-12,True,Sale,Merchandise
4148,536749,22866,HAND WARMER SCOTTY DOG DESIGN,1,2010-12-02 13:49:00,2.1,17976,United Kingdom,2.1,2010,2010-12,True,Sale,Merchandise
5666,536865,82583,HOT BATHS METAL SIGN,4,2010-12-03 11:28:00,4.21,,United Kingdom,16.84,2010,2010-12,False,Sale,Merchandise
6191,536876,21200,MULTICOLOUR HONEYCOMB PAPER GARLAND,3,2010-12-03 11:36:00,1.65,,United Kingdom,4.949999999999999,2010,2010-12,False,Sale,Merchandise
6206,536876,20971,PINK BLUE FELT CRAFT TRINKET BOX,1,2010-12-03 11:36:00,2.51,,United Kingdom,2.51,2010,2010-12,False,Sale,Merchandise
6445,536945,21250,SET OF SKULL WALL STICKERS,2,2010-12-03 12:24:00,2.95,14083,United Kingdom,5.9,2010,2010-12,True,Sale,Merchandise
7137,536990,22383,LUNCH BAG SUKI  DESIGN,10,2010-12-03 15:14:00,1.65,12793,Portugal,16.5,2010,2010-12,True,Sale,Merchandise
7603,537047,22737,RIBBON REEL CHRISTMAS PRESENT,3,2010-12-05 11:02:00,1.65,13069,United Kingdom,4.949999999999999,2010,2010-12,True,Sale,Merchandise
9056,537176,22555,PLASTERS IN TIN STRONGMAN,6,2010-12-05 13:26:00,1.65,16411,United Kingdom,9.899999999999999,2010,2010-12,True,Sale,Merchandise
9318,537199,22156,HEART DECORATION WITH PEARLS,1,2010-12-05 14:06:00,0.85,15894,United Kingdom,0.85,2010,2010-12,True,Sale,Merchandise
10222,537237,15036,ASSORTED COLOURS SILK FAN,2,2010-12-06 09:58:00,1.28,,United Kingdom,2.56,2010,2010-12,False,Sale,Merchandise
10654,537237,22924,FRIDGE MAGNETS LA VIE EN ROSE,1,2010-12-06 09:58:00,11.02,,United Kingdom,11.02,2010,2010-12,False,Sale,Merchandise
11103,537240,21754,HOME BUILDING BLOCK WORD,4,2010-12-06 10:08:00,11.87,,United Kingdom,47.48,2010,2010-12,False,Sale,Merchandise
12238,537371,21866,UNION JACK FLAG LUGGAGE TAG,8,2010-12-06 12:47:00,1.25,15028,United Kingdom,10.0,2010,2010-12,True,Sale,Merchandise
12705,537393,82483,WOOD 2 DRAWER CABINET WHITE FINISH,16,2010-12-06 13:59:00,4.95,13089,United Kingdom,79.2,2010,2010-12,True,Sale,Merchandise
13127,537421,22530,MAGIC DRAWING SLATE DOLLY GIRL,2,2010-12-06 15:25:00,0.42,17218,United Kingdom,0.84,2010,2010-12,True,Sale,Merchandise
14335,C537530,85047,WHITE BEADED GARLAND STRING 20LIGHT,-2,2010-12-07 11:47:00,6.35,13319,United Kingdom,-12.7,2010,2010-12,True,Cancellation,Merchandise
16569,537666,22666,RECIPE BOX PANTRY YELLOW DESIGN,1,2010-12-07 18:36:00,5.91,,United Kingdom,5.91,2010,2010-12,False,Sale,Merchandise
17174,537688,90212C,PURPLE LAS VEGAS BRACELET ROUND,3,2010-12-08 10:35:00,3.75,17406,United Kingdom,11.25,2010,2010-12,True,Sale,Merchandise
18021,537793,85099F,JUMBO BAG STRAWBERRY,100,2010-12-08 12:57:00,1.65,15032,United Kingdom,165.0,2010,2010-12,True,Sale,Merchandise
18054,537794,85231G,ORANGE SCENTED SET/9 T-LIGHTS,3,2010-12-08 13:01:00,0.85,16713,United Kingdom,2.55,2010,2010-12,True,Sale,Merchandise
18893,537823,22601,CHRISTMAS RETROSPOT ANGEL WOOD,2,2010-12-08 14:25:00,1.66,,United Kingdom,3.32,2010,2010-12,False,Sale,Merchandise
19546,537868,22095,LADS ONLY TISSUE BOX,12,2010-12-08 16:49:00,1.25,12433,Norway,15.0,2010,2010-12,True,Sale,Merchandise
20909,538071,22141,CHRISTMAS CRAFT TREE TOP ANGEL,2,2010-12-09 14:09:00,4.21,,United Kingdom,8.42,2010,2010-12,False,Sale,Merchandise
21240,538071,84559B,3D SHEET OF CAT STICKERS,2,2010-12-09 14:09:00,1.69,,United Kingdom,3.38,2010,2010-12,False,Sale,Merchandise
21508,538086,22086,PAPER CHAIN KIT 50'S CHRISTMAS,8,2010-12-09 14:44:00,2.95,12872,United Kingdom,23.6,2010,2010-12,True,Sale,Merchandise
21733,538116,22086,PAPER CHAIN KIT 50'S CHRISTMAS,12,2010-12-09 15:32:00,2.95,13327,United Kingdom,35.400000000000006,2010,2010-12,True,Sale,Merchandise
23286,538196,21533,RETROSPOT LARGE MILK JUG,12,2010-12-10 10:56:00,4.25,12731,France,51.0,2010,2010-12,True,Sale,Merchandise
23750,538211,21481,FAWN BLUE HOT WATER BOTTLE,6,2010-12-10 11:47:00,2.95,17690,United Kingdom,17.700000000000003,2010,2010-12,True,Sale,Merchandise
23791,538248,22804,CANDLEHOLDER PINK HANGING HEART,2,2010-12-10 12:14:00,2.95,18116,United Kingdom,5.9,2010,2010-12,True,Sale,Merchandise
23870,538255,48187,DOORMAT NEW ENGLAND,2,2010-12-10 12:33:00,7.95,14911,EIRE,15.9,2010,2010-12,True,Sale,Merchandise
23871,538255,22423,REGENCY CAKESTAND 3 TIER,6,2010-12-10 12:33:00,12.75,14911,EIRE,76.5,2010,2010-12,True,Sale,Merchandise
24795,538349,79321,CHILLI LIGHTS,1,2010-12-10 14:59:00,10.17,,United Kingdom,10.17,2010,2010-12,False,Sale,Merchandise
24903,538349,90214C,"LETTER ""C"" BLING KEY RING",1,2010-12-10 14:59:00,0.85,,United Kingdom,0.85,2010,2010-12,False,Sale,Merchandise
24963,538351,21212,PACK OF 72 RETROSPOT CAKE CASES,113,2010-12-10 15:17:00,2.13,,United Kingdom,240.69,2010,2010-12,False,Sale,Merchandise
25094,538353,82583,HOT BATHS METAL SIGN,144,2010-12-10 15:31:00,1.69,13798,United Kingdom,243.35999999999999,2010,2010-12,True,Sale,Merchandise
25348,538367,22554,PLASTERS IN TIN WOODLAND ANIMALS,24,2010-12-12 10:48:00,1.65,14800,United Kingdom,39.599999999999994,2010,2010-12,True,Sale,Merchandise
25651,538379,22960,JAM MAKING SET WITH JARS,1,2010-12-12 11:26:00,4.25,17126,United Kingdom,4.25,2010,2010-12,True,Sale,Merchandise
25976,538449,37449,CERAMIC CAKE STAND + HANGING CAKES,1,2010-12-12 12:24:00,9.95,17085,United Kingdom,9.95,2010,2010-12,True,Sale,Merchandise
27084,538524,22664,TOY TIDY DOLLY GIRL DESIGN,1,2010-12-13 09:35:00,4.21,,United Kingdom,4.21,2010,2010-12,False,Sale,Merchandise
28126,538626,72799E,IVORY PILLAR CANDLE SILVER FLOCK,2,2010-12-13 12:57:00,2.95,17338,United Kingdom,5.9,2010,2010-12,True,Sale,Merchandise
29390,538783,21561,DINOSAUR LUNCH BOX WITH CUTLERY,6,2010-12-14 11:38:00,2.55,14961,United Kingdom,15.299999999999999,2010,2010-12,True,Sale,Merchandise
29404,538785,22937,BAKING MOULD CUPCAKE CHOCOLATE,12,2010-12-14 11:39:00,2.55,14961,United Kingdom,30.599999999999998,2010,2010-12,True,Sale,Merchandise
29815,538826,21108,FAIRY CAKE FLANNEL ASSORTED COLOUR,9,2010-12-14 12:58:00,2.55,12370,Cyprus,22.95,2010,2010-12,True,Sale,Merchandise
30457,538866,22654,DELUXE SEWING KIT,4,2010-12-14 14:40:00,5.95,17841,United Kingdom,23.8,2010,2010-12,True,Sale,Merchandise
30864,538883,22309,TEA COSY RED  STRIPE,2,2010-12-14 15:56:00,5.06,,United Kingdom,10.12,2010,2010-12,False,Sale,Merchandise
31175,538902,21879,HEARTS GIFT TAPE,24,2010-12-15 10:04:00,0.19,14150,United Kingdom,4.5600000000000005,2010,2010-12,True,Sale,Merchandise
31196,538903,22460,EMBOSSED GLASS TEALIGHT HOLDER,12,2010-12-15 10:17:00,1.25,13496,United Kingdom,15.0,2010,2010-12,True,Sale,Merchandise
31634,539000,21452,TOADSTOOL MONEY BOX,6,2010-12-15 12:27:00,2.95,13092,United Kingdom,17.700000000000003,2010,2010-12,True,Sale,Merchandise
32506,539084,21870,I CAN ONLY PLEASE ONE PERSON MUG,12,2010-12-16 09:31:00,1.25,13890,United Kingdom,15.0,2010,2010-12,True,Sale,Merchandise
33209,539240,84823,DANISH ROSE FOLDING CHAIR,2,2010-12-16 13:15:00,7.95,15194,United Kingdom,15.9,2010,2010-12,True,Sale,Merchandise
33717,539290,22645,CERAMIC HEART FAIRY CAKE MONEY BANK,4,2010-12-16 16:36:00,1.45,16271,United Kingdom,5.8,2010,2010-12,True,Sale,Merchandise
33835,539298,22720,SET OF 3 CAKE TINS PANTRY DESIGN,3,2010-12-16 17:29:00,4.95,14180,United Kingdom,14.850000000000001,2010,2010-12,True,Sale,Merchandise
34041,539317,22077,6 RIBBONS RUSTIC CHARM,1,2010-12-16 19:04:00,1.65,17392,United Kingdom,1.65,2010,2010-12,True,Sale,Merchandise
34326,539334,22181,SNOWSTORM PHOTO FRAME FRIDGE MAGNET,1,2010-12-17 10:12:00,0.85,12748,United Kingdom,0.85,2010,2010-12,True,Sale,Merchandise
34475,539395,22923,FRIDGE MAGNETS LES ENFANTS ASSORTED,36,2010-12-17 11:52:00,0.85,12471,Germany,30.599999999999998,2010,2010-12,True,Sale,Merchandise
34660,539416,22047,EMPIRE GIFT WRAP,25,2010-12-17 13:56:00,0.42,17888,United Kingdom,10.5,2010,2010-12,True,Sale,Merchandise
35381,539436,22189,CREAM HEART CARD HOLDER,1,2010-12-17 14:49:00,8.47,,United Kingdom,8.47,2010,2010-12,False,Sale,Merchandise
35710,539437,21262,WHITE GOOSE FEATHER CHRISTMAS TREE,1,2010-12-17 14:54:00,7.62,,United Kingdom,7.62,2010,2010-12,False,Sale,Merchandise
36516,539451,21167,WHITE SAGE INCENSE,2,2010-12-17 16:59:00,0.43,,United Kingdom,0.86,2010,2010-12,False,Sale,Merchandise
36727,539451,22665,RECIPE BOX BLUE SKETCHBOOK DESIGN,2,2010-12-17 16:59:00,5.91,,United Kingdom,11.82,2010,2010-12,False,Sale,Merchandise
37339,539458,21014,SWISS CHALET TREE DECORATION,1,2010-12-17 17:30:00,0.85,,United Kingdom,0.85,2010,2010-12,False,Sale,Merchandise
37623,539472,84826,ASSTD DESIGN 3D PAPER STICKERS,2,2010-12-19 14:23:00,0.85,15581,United Kingdom,1.7,2010,2010-12,True,Sale,Merchandise
38007,539492,21755,LOVE BUILDING BLOCK WORD,1,2010-12-20 10:14:00,11.87,,United Kingdom,11.87,2010,2010-12,False,Sale,Merchandise
38337,539501,22190,LOCAL CAFE MUG,2,2010-12-20 11:08:00,2.1,17085,United Kingdom,4.2,2010,2010-12,True,Sale,Merchandise
38354,539502,22943,CHRISTMAS LIGHTS 10 VINTAGE BAUBLES,2,2010-12-20 11:14:00,4.95,14099,United Kingdom,9.9,2010,2010-12,True,Sale,Merchandise
39209,539631,22579,WOODEN TREE CHRISTMAS SCANDINAVIAN,1,2010-12-20 15:03:00,1.66,,United Kingdom,1.66,2010,2010-12,False,Sale,Merchandise
39897,539708,90013B,BLACK VINTAGE EARRINGS,1,2010-12-21 12:18:00,4.24,,United Kingdom,4.24,2010,2010-12,False,Sale,Merchandise
40281,539735,22208,WOOD STAMP SET THANK YOU,1,2010-12-21 15:17:00,3.36,,United Kingdom,3.36,2010,2010-12,False,Sale,Merchandise
40673,539740,22422,TOOTHPASTE TUBE PEN,1,2010-12-21 15:20:00,1.28,,United Kingdom,1.28,2010,2010-12,False,Sale,Merchandise
41180,539754,21165,BEWARE OF THE CAT METAL SIGN,1,2010-12-21 16:06:00,1.69,12748,United Kingdom,1.69,2010,2010-12,True,Sale,Merchandise
41835,539958,21205,MULTICOLOUR 3D BALLS GARLAND,2,2010-12-23 13:26:00,2.51,,United Kingdom,5.02,2010,2010-12,False,Sale,Merchandise
42461,539990,22379,RECYCLING BAG RETROSPOT,1,2010-12-23 16:31:00,2.1,,United Kingdom,2.1,2010,2010-12,False,Sale,Merchandise
43819,540148,22156,HEART DECORATION WITH PEARLS,12,2011-01-05 10:58:00,0.85,14189,United Kingdom,10.2,2011,2011-01,True,Sale,Merchandise
44018,540154,84519A,TOMATO CHARLIE+LOLA COASTER SET,1,2011-01-05 11:30:00,3.36,,United Kingdom,3.36,2011,2011-01,False,Sale,Merchandise
44126,540154,21633,SUNFLOWER DECORATIVE PARASOL,1,2011-01-05 11:30:00,8.47,,United Kingdom,8.47,2011,2011-01,False,Sale,Merchandise
44362,540168,21430,SET/3 RED GINGHAM ROSE STORAGE BOX,4,2011-01-05 12:15:00,3.75,13715,United Kingdom,15.0,2011,2011-01,True,Sale,Merchandise
44869,540242,22673,FRENCH GARDEN SIGN BLUE METAL,4,2011-01-05 15:30:00,1.25,15046,United Kingdom,5.0,2011,2011-01,True,Sale,Merchandise
45176,540255,85161,ACRYLIC GEOMETRIC LAMP,1,2011-01-05 16:50:00,12.72,,United Kingdom,12.72,2011,2011-01,False,Sale,Merchandise
45204,540255,21974,SET OF 36 PAISLEY FLOWER DOILIES,3,2011-01-05 16:50:00,2.98,,United Kingdom,8.94,2011,2011-01,False,Sale,Merchandise
45857,540288,21843,RED RETROSPOT CAKE STAND,1,2011-01-06 12:45:00,10.95,17634,United Kingdom,10.95,2011,2011-01,True,Sale,Merchandise
47335,540410,21086,SET/6 RED SPOTTY PAPER CUPS,12,2011-01-07 10:04:00,0.65,12530,Germany,7.800000000000001,2011,2011-01,True,Sale,Merchandise
47991,540458,22654,DELUXE SEWING KIT,3,2011-01-07 12:28:00,5.95,12501,Germany,17.85,2011,2011-01,True,Sale,Merchandise
48172,540464,22250,DECORATION  BUTTERFLY  MAGIC GARDEN,32,2011-01-07 13:17:00,0.72,14298,United Kingdom,23.04,2011,2011-01,True,Sale,Merchandise
48624,540469,22083,PAPER CHAIN KIT RETROSPOT,6,2011-01-07 14:04:00,2.95,12484,Spain,17.700000000000003,2011,2011-01,True,Sale,Merchandise
49374,540514,22457,NATURAL SLATE HEART CHALKBOARD,3,2011-01-09 11:43:00,2.95,15708,United Kingdom,8.850000000000001,2011,2011-01,True,Sale,Merchandise
49475,540517,51014A,"FEATHER PEN,HOT PINK",12,2011-01-09 12:02:00,0.85,17128,United Kingdom,10.2,2011,2011-01,True,Sale,Merchandise
49890,540537,21900,"KEY FOB , SHED",3,2011-01-09 14:28:00,0.65,13565,United Kingdom,1.9500000000000002,2011,2011-01,True,Sale,Merchandise
50208,540550,21622,VINTAGE UNION JACK CUSHION COVER,4,2011-01-10 09:11:00,4.95,12539,Spain,19.8,2011,2011-01,True,Sale,Merchandise
50313,540551,21219,SET/4 BADGES BALLOON GIRL,4,2011-01-10 09:43:00,0.85,,United Kingdom,3.4,2011,2011-01,False,Sale,Merchandise
50375,540551,21881,CUTE CATS TAPE,6,2011-01-10 09:43:00,0.43,,United Kingdom,2.58,2011,2011-01,False,Sale,Merchandise
50653,540551,84968F,SET OF 16 VINTAGE SKY BLUE CUTLERY,3,2011-01-10 09:43:00,8.47,,United Kingdom,25.410000000000004,2011,2011-01,False,Sale,Merchandise
50715,540551,85227,SET OF 6 3D KIT CARDS FOR KIDS,1,2011-01-10 09:43:00,1.66,,United Kingdom,1.66,2011,2011-01,False,Sale,Merchandise
51382,540646,84949,SILVER HANGING T-LIGHT HOLDER,5,2011-01-10 14:32:00,3.36,,United Kingdom,16.8,2011,2011-01,False,Sale,Merchandise
52055,540681,20696,FLORAL SOFT CAR TOY,2,2011-01-10 16:25:00,3.36,,United Kingdom,6.72,2011,2011-01,False,Sale,Merchandise
52136,540689,22470,HEART OF WICKER LARGE,1284,2011-01-11 08:43:00,3.21,17450,United Kingdom,4121.64,2011,2011-01,True,Sale,Merchandise
52727,540816,22716,CARD CIRCUS PARADE,12,2011-01-11 12:55:00,0.42,15518,United Kingdom,5.04,2011,2011-01,True,Sale,Merchandise
53356,540832,21672,WHITE SPOT RED CERAMIC DRAWER KNOB,14,2011-01-11 14:42:00,2.46,,United Kingdom,34.44,2011,2011-01,False,Sale,Merchandise
53478,C540837,84978,HANGING HEART JAR T-LIGHT HOLDER,-2,2011-01-11 15:02:00,1.06,14733,United Kingdom,-2.12,2011,2011-01,True,Cancellation,Merchandise
53513,540839,85040A,S/4 PINK FLOWER CANDLES IN BOWL,1,2011-01-11 15:42:00,1.65,16791,United Kingdom,1.65,2011,2011-01,True,Sale,Merchandise
54300,540907,85066,CREAM SWEETHEART MINI CHEST,2,2011-01-12 11:52:00,12.75,13488,United Kingdom,25.5,2011,2011-01,True,Sale,Merchandise
54478,540953,22332,SKULLS PARTY BAG + STICKER SET,1,2011-01-12 13:16:00,1.65,14587,United Kingdom,1.65,2011,2011-01,True,Sale,Merchandise
54862,540977,22421,LIPSTICK PEN FUSCHIA,1,2011-01-12 15:01:00,0.85,,United Kingdom,0.85,2011,2011-01,False,Sale,Merchandise
56061,541018,21166,COOK WITH WINE METAL SIGN,2,2011-01-13 12:03:00,1.95,14978,United Kingdom,3.9,2011,2011-01,True,Sale,Merchandise
57683,541216,21238,RED RETROSPOT CUP,4,2011-01-14 13:52:00,0.85,15311,United Kingdom,3.4,2011,2011-01,True,Sale,Merchandise
59005,541267,22782,SET 3 WICKER STORAGE BASKETS,8,2011-01-17 10:37:00,9.95,12779,Poland,79.6,2011,2011-01,True,Sale,Merchandise
59383,541285,21754,HOME BUILDING BLOCK WORD,6,2011-01-17 12:45:00,5.95,13001,United Kingdom,35.7,2011,2011-01,True,Sale,Merchandise
60201,541421,22594,CHRISTMAS GINGHAM TREE,3,2011-01-17 17:44:00,1.63,,United Kingdom,4.89,2011,2011-01,False,Sale,Merchandise
61959,C541492,20931,BLUE POT PLANT CANDLE,-1,2011-01-18 14:24:00,3.75,,United Kingdom,-3.75,2011,2011-01,False,Cancellation,Merchandise
62480,C541501,85118,HEART T-LIGHT HOLDER,-7,2011-01-18 15:26:00,1.25,13458,United Kingdom,-8.75,2011,2011-01,True,Cancellation,Merchandise
62765,541516,21677,HEARTS  STICKERS,1,2011-01-18 17:34:00,0.79,,United Kingdom,0.79,2011,2011-01,False,Sale,Merchandise
62859,541516,84951B,SET OF 4 BLACK LOVEBIRD COASTERS,1,2011-01-18 17:34:00,1.63,,United Kingdom,1.63,2011,2011-01,False,Sale,Merchandise
63358,541566,22117,METAL SIGN HER DINNER IS SERVED,12,2011-01-19 11:50:00,0.85,17722,United Kingdom,10.2,2011,2011-01,True,Sale,Merchandise
64309,541596,84870C,GREEN GEISHA GIRL,1,2011-01-19 16:19:00,3.75,17602,United Kingdom,3.75,2011,2011-01,True,Sale,Merchandise
64608,C541656,21528,DAIRY MAID TRADITIONAL TEAPOT,-1,2011-01-20 12:07:00,6.95,17315,United Kingdom,-6.95,2011,2011-01,True,Cancellation,Merchandise
64800,541672,22727,ALARM CLOCK BAKELIKE RED,8,2011-01-20 13:02:00,3.75,14735,United Kingdom,30.0,2011,2011-01,True,Sale,Merchandise
65020,541684,22744,MAKE YOUR OWN MONSOON CARD KIT,1,2011-01-20 15:22:00,2.95,15498,United Kingdom,2.95,2011,2011-01,True,Sale,Merchandise
65608,541696,22271,FELTCRAFT DOLL ROSIE,1,2011-01-20 18:08:00,5.79,,United Kingdom,5.79,2011,2011-01,False,Sale,Merchandise
65857,541696,16237,SLEEPING CAT ERASERS,4,2011-01-20 18:08:00,0.42,,United Kingdom,1.68,2011,2011-01,False,Sale,Merchandise
66069,541711,22895,SET OF 2 TEA TOWELS APPLE AND PEARS,72,2011-01-21 11:18:00,2.95,14646,Netherlands,212.4,2011,2011-01,True,Sale,Merchandise
66792,541816,20717,STRAWBERRY SHOPPER BAG,3,2011-01-21 15:56:00,1.25,17799,United Kingdom,3.75,2011,2011-01,True,Sale,Merchandise
67254,541827,84313C,ORANGE TV TRAY TABLE,1,2011-01-21 17:05:00,5.79,,United Kingdom,5.79,2011,2011-01,False,Sale,Merchandise
67494,C541831,22943,CHRISTMAS LIGHTS 10 VINTAGE BAUBLES,-1,2011-01-21 17:12:00,4.95,18223,United Kingdom,-4.95,2011,2011-01,True,Cancellation,Merchandise
67915,541848,21917,SET 12 KIDS  WHITE CHALK STICKS,1,2011-01-23 13:31:00,0.42,17611,United Kingdom,0.42,2011,2011-01,True,Sale,Merchandise
69196,541965,21124,SET/10 BLUE POLKADOT PARTY CANDLES,24,2011-01-24 13:27:00,1.25,12625,Germany,30.0,2011,2011-01,True,Sale,Merchandise
69387,541969,22722,SET OF 6 SPICE TINS PANTRY DESIGN,1,2011-01-24 13:46:00,8.29,,United Kingdom,8.29,2011,2011-01,False,Sale,Merchandise
69444,541971,22027,TEA PARTY BIRTHDAY CARD,2,2011-01-24 13:48:00,0.83,,United Kingdom,1.66,2011,2011-01,False,Sale,Merchandise
69988,541993,85175,CACTI T-LIGHT CANDLES,2,2011-01-25 09:37:00,13.29,,United Kingdom,26.58,2011,2011-01,False,Sale,Merchandise
70191,541999,90214E,"LETTER ""E"" BLING KEY RING",4,2011-01-25 10:45:00,0.83,,United Kingdom,3.32,2011,2011-01,False,Sale,Merchandise
71320,542115,22719,GUMBALL MONOCHROME COAT RACK,2,2011-01-25 14:01:00,2.46,,United Kingdom,4.92,2011,2011-01,False,Sale,Merchandise
71603,542151,20750,RED RETROSPOT MINI CASES,2,2011-01-26 10:30:00,7.95,13491,United Kingdom,15.9,2011,2011-01,True,Sale,Merchandise
72284,542238,22890,NOVELTY BISCUITS CAKE STAND 3 TIER,2,2011-01-26 14:35:00,9.95,12591,Italy,19.9,2011,2011-01,True,Sale,Merchandise
72563,542255,22087,PAPER BUNTING WHITE LACE,3,2011-01-26 16:43:00,5.79,,United Kingdom,17.37,2011,2011-01,False,Sale,Merchandise
72636,542255,22666,RECIPE BOX PANTRY YELLOW DESIGN,1,2011-01-26 16:43:00,5.79,,United Kingdom,5.79,2011,2011-01,False,Sale,Merchandise
73212,542344,84509A,SET OF 4 ENGLISH ROSE PLACEMATS,2,2011-01-27 11:30:00,7.46,,United Kingdom,14.92,2011,2011-01,False,Sale,Merchandise
74286,542415,84967B,,-1,2011-01-27 17:15:00,0.0,,United Kingdom,-0.0,2011,2011-01,False,StockAdjustment,Merchandise
75539,542601,21523,DOORMAT FANCY FONT HOME SWEET HOME,1,2011-01-30 11:52:00,7.95,16897,United Kingdom,7.95,2011,2011-01,True,Sale,Merchandise
75675,542607,22936,BAKING MOULD ROSE WHITE CHOCOLATE,1,2011-01-30 13:48:00,3.25,13148,United Kingdom,3.25,2011,2011-01,True,Sale,Merchandise
75791,542610,22560,TRADITIONAL MODELLING CLAY,10,2011-01-30 14:05:00,1.25,13148,United Kingdom,12.5,2011,2011-01,True,Sale,Merchandise
76807,542659,21094,SET/6 RED SPOTTY PAPER PLATES,48,2011-01-31 12:09:00,0.85,15738,United Kingdom,40.8,2011,2011-01,True,Sale,Merchandise
76950,542664,22973,CHILDREN'S CIRCUS PARADE MUG,3,2011-01-31 12:14:00,3.29,,United Kingdom,9.870000000000001,2011,2011-01,False,Sale,Merchandise
76959,542664,82482,WOODEN PICTURE FRAME WHITE FINISH,1,2011-01-31 12:14:00,4.96,,United Kingdom,4.96,2011,2011-01,False,Sale,Merchandise
77088,542708,22934,BAKING MOULD EASTER EGG WHITE CHOC,48,2011-01-31 13:07:00,2.55,17621,United Kingdom,122.39999999999999,2011,2011-01,True,Sale,Merchandise
77489,542733,20992,JAZZ HEARTS PURSE NOTEBOOK,1,2011-01-31 15:35:00,0.85,15058,United Kingdom,0.85,2011,2011-01,True,Sale,Merchandise
78084,C542799,22156,HEART DECORATION WITH PEARLS,-1,2011-02-01 11:12:00,0.72,14606,United Kingdom,-0.72,2011,2011-02,True,Cancellation,Merchandise
78310,542864,22701,PINK DOG BOWL,24,2011-02-01 12:03:00,0.85,13802,United Kingdom,20.4,2011,2011-02,True,Sale,Merchandise
78515,542888,22624,IVORY KITCHEN SCALES,2,2011-02-01 13:15:00,8.5,15687,United Kingdom,17.0,2011,2011-02,True,Sale,Merchandise
79147,C542910,22360,GLASS JAR ENGLISH CONFECTIONERY,-3,2011-02-01 15:38:00,2.55,17511,United Kingdom,-7.6499999999999995,2011,2011-02,True,Cancellation,Merchandise
79264,542927,22666,RECIPE BOX PANTRY YELLOW DESIGN,6,2011-02-02 10:06:00,2.95,18198,United Kingdom,17.700000000000003,2011,2011-02,True,Sale,Merchandise
79271,542928,21498,RED RETROSPOT WRAP,25,2011-02-02 10:22:00,0.42,17863,United Kingdom,10.5,2011,2011-02,True,Sale,Merchandise
79387,542932,22907,PACK OF 20 NAPKINS PANTRY DESIGN,12,2011-02-02 10:54:00,0.85,13089,United Kingdom,10.2,2011,2011-02,True,Sale,Merchandise
79487,542993,22859,EASTER TIN BUNNY BOUQUET,6,2011-02-02 12:02:00,1.65,16156,United Kingdom,9.899999999999999,2011,2011-02,True,Sale,Merchandise
80024,543013,85131D,BEADED CRYSTAL HEART PINK ON STICK,1,2011-02-02 13:35:00,0.83,,United Kingdom,0.83,2011,2011-02,False,Sale,Merchandise
80420,543040,21624,VINTAGE UNION JACK DOORSTOP,2,2011-02-02 17:06:00,5.95,17337,United Kingdom,11.9,2011,2011-02,True,Sale,Merchandise
81153,543111,22457,NATURAL SLATE HEART CHALKBOARD,6,2011-02-03 12:44:00,2.95,15719,United Kingdom,17.700000000000003,2011,2011-02,True,Sale,Merchandise
81705,543171,47566B,TEA TIME PARTY BUNTING,2,2011-02-04 09:11:00,8.29,,United Kingdom,16.58,2011,2011-02,False,Sale,Merchandise
82335,543200,21876,POTTERING MUG,1,2011-02-04 13:03:00,3.29,,United Kingdom,3.29,2011,2011-02,False,Sale,Merchandise
83426,543306,21240,BLUE POLKADOT CUP,2,2011-02-07 11:56:00,0.85,16686,United Kingdom,1.7,2011,2011-02,True,Sale,Merchandise
84273,543372,22325,MOBILE VINTAGE HEARTS,3,2011-02-07 15:01:00,4.95,16321,Australia,14.850000000000001,2011,2011-02,True,Sale,Merchandise
84417,543391,85099B,JUMBO BAG RED RETROSPOT,10,2011-02-08 10:12:00,1.95,14475,United Kingdom,19.5,2011,2011-02,True,Sale,Merchandise
84647,543400,20724,RED RETROSPOT CHARLOTTE BAG,10,2011-02-08 11:27:00,0.85,14688,United Kingdom,8.5,2011,2011-02,True,Sale,Merchandise
85350,543467,22962,JAM JAR WITH PINK LID,1,2011-02-08 14:35:00,1.63,,United Kingdom,1.63,2011,2011-02,False,Sale,Merchandise
85416,C543469,85232B,SET OF 3 BABUSHKA STACKING TINS,-1,2011-02-08 14:55:00,4.25,12709,Germany,-4.25,2011,2011-02,True,Cancellation,Merchandise
87068,543631,21875,KINGS CHOICE MUG,6,2011-02-10 16:17:00,1.25,14081,United Kingdom,7.5,2011,2011-02,True,Sale,Merchandise
87821,543732,48138,DOORMAT UNION FLAG,2,2011-02-11 12:02:00,14.13,,United Kingdom,28.26,2011,2011-02,False,Sale,Merchandise
88816,543820,22523,CHILDS GARDEN FORK PINK,1,2011-02-13 16:05:00,0.85,16084,United Kingdom,0.85,2011,2011-02,True,Sale,Merchandise
89265,543836,22969,HOMEMADE JAM SCENTED CANDLES,24,2011-02-14 10:52:00,1.45,15236,United Kingdom,34.8,2011,2011-02,True,Sale,Merchandise
90116,543985,22026,BANQUET BIRTHDAY  CARD,1,2011-02-15 09:44:00,0.83,,United Kingdom,0.83,2011,2011-02,False,Sale,Merchandise
91287,544089,15056N,EDWARDIAN PARASOL NATURAL,3,2011-02-15 17:51:00,5.95,,United Kingdom,17.85,2011,2011-02,False,Sale,Merchandise
92641,544202,22197,SMALL POPCORN HOLDER,2,2011-02-17 10:29:00,1.63,,United Kingdom,3.26,2011,2011-02,False,Sale,Merchandise
92946,544208,84378,SET OF 3 HEART COOKIE CUTTERS,1,2011-02-17 10:34:00,3.29,,United Kingdom,3.29,2011,2011-02,False,Sale,Merchandise
95781,544464,22562,MONSTERS STENCIL CRAFT,2,2011-02-20 14:38:00,1.25,17323,United Kingdom,2.5,2011,2011-02,True,Sale,Merchandise
96716,C544583,S,SAMPLES,-1,2011-02-21 14:48:00,95.0,,United Kingdom,-95.0,2011,2011-02,False,Cancellation,Sample
97674,544651,22367,CHILDRENS APRON SPACEBOY DESIGN,50,2011-02-22 12:51:00,1.65,13694,United Kingdom,82.5,2011,2011-02,True,Sale,Merchandise
99591,544776,22367,CHILDRENS APRON SPACEBOY DESIGN,1,2011-02-23 11:39:00,4.96,,United Kingdom,4.96,2011,2011-02,False,Sale,Merchandise
99723,544778,21692,SILVER LATTICE VANILLA CANDLE POT,3,2011-02-23 12:03:00,3.75,14978,United Kingdom,11.25,2011,2011-02,True,Sale,Merchandise
99938,544793,72232,FENG SHUI PILLAR CANDLE,1152,2011-02-23 12:41:00,0.19,13694,United Kingdom,218.88,2011,2011-02,True,Sale,Merchandise
100018,544796,16156S,WRAP PINK FAIRY CAKES,25,2011-02-23 13:37:00,0.42,16208,United Kingdom,10.5,2011,2011-02,True,Sale,Merchandise
100303,544812,90214E,"LETTER ""E"" BLING KEY RING",1,2011-02-23 15:58:00,0.83,,United Kingdom,0.83,2011,2011-02,False,Sale,Merchandise
100758,544835,85066,CREAM SWEETHEART MINI CHEST,2,2011-02-24 10:15:00,12.75,17830,United Kingdom,25.5,2011,2011-02,True,Sale,Merchandise
100765,544836,21136,PAINTED METAL PEARS ASSORTED,16,2011-02-24 10:25:00,1.69,17613,United Kingdom,27.04,2011,2011-02,True,Sale,Merchandise
101137,C544902,22629,SPACEBOY LUNCH BOX,-1,2011-02-24 13:05:00,1.95,12362,Belgium,-1.95,2011,2011-02,True,Cancellation,Merchandise
101168,544904,22900,SET 2 TEA TOWELS I LOVE LONDON,6,2011-02-24 13:46:00,2.95,13018,United Kingdom,17.700000000000003,2011,2011-02,True,Sale,Merchandise
101494,544921,21892,TRADITIONAL WOODEN CATCH CUP GAME,24,2011-02-24 16:35:00,1.25,17090,United Kingdom,30.0,2011,2011-02,True,Sale,Merchandise
103440,545063,21161,KEEP OUT BOYS DOOR HANGER,1,2011-02-27 14:26:00,1.45,14606,United Kingdom,1.45,2011,2011-02,True,Sale,Merchandise
104397,545170,22149,FELTCRAFT 6 FLOWER FRIENDS,1,2011-02-28 14:15:00,2.1,14078,United Kingdom,2.1,2011,2011-02,True,Sale,Merchandise
104617,545188,22467,GUMBALL COAT RACK,4,2011-02-28 15:19:00,2.55,14056,United Kingdom,10.2,2011,2011-02,True,Sale,Merchandise
105926,545301,22431,WATERING CAN BLUE ELEPHANT,8,2011-03-01 12:26:00,1.95,12679,France,15.6,2011,2011-03,True,Sale,Merchandise
107611,545460,22996,TRAVEL CARD WALLET VINTAGE TICKET,2,2011-03-02 17:33:00,0.42,13230,United Kingdom,0.84,2011,2011-03,True,Sale,Merchandise
107912,545468,84992,72 SWEETHEART FAIRY CAKE CASES,24,2011-03-03 09:41:00,0.55,16571,United Kingdom,13.200000000000001,2011,2011-03,True,Sale,Merchandise
108679,545559,20914,SET/5 RED RETROSPOT LID GLASS BOWLS,4,2011-03-03 15:31:00,2.95,15005,United Kingdom,11.8,2011,2011-03,True,Sale,Merchandise
109051,545580,20719,WOODLAND CHARLOTTE BAG,10,2011-03-04 08:43:00,0.85,13931,United Kingdom,8.5,2011,2011-03,True,Sale,Merchandise
109808,545660,21272,SALLE DE BAIN HOOK,5,2011-03-04 14:28:00,1.25,17191,United Kingdom,6.25,2011,2011-03,True,Sale,Merchandise
110584,545690,85184C,S/4 VALENTINE DECOUPAGE HEART BOX,1,2011-03-06 12:46:00,2.95,13263,United Kingdom,2.95,2011,2011-03,True,Sale,Merchandise
110991,545705,22924,FRIDGE MAGNETS LA VIE EN ROSE,12,2011-03-07 09:00:00,0.85,15554,United Kingdom,10.2,2011,2011-03,True,Sale,Merchandise
112058,545865,22385,JUMBO BAG SPACEBOY DESIGN,300,2011-03-07 14:17:00,1.65,15769,United Kingdom,495.0,2011,2011-03,True,Sale,Merchandise
112466,545895,23002,TRAVEL CARD WALLET SKULLS,1,2011-03-07 17:14:00,0.83,,United Kingdom,0.83,2011,2011-03,False,Sale,Merchandise
112671,545897,79144C,PAINTED LIGHTBULB RAINBOW DESIGN,2,2011-03-07 17:22:00,0.83,,United Kingdom,1.66,2011,2011-03,False,Sale,Merchandise
113020,545906,48187,DOORMAT NEW ENGLAND,2,2011-03-08 09:23:00,7.95,15764,United Kingdom,15.9,2011,2011-03,True,Sale,Merchandise
113240,545928,22195,LARGE HEART MEASURING SPOONS,12,2011-03-08 11:59:00,1.65,14407,United Kingdom,19.799999999999997,2011,2011-03,True,Sale,Merchandise
113500,545979,22148,EASTER CRAFT 4 CHICKS,2,2011-03-08 12:30:00,1.95,12748,United Kingdom,3.9,2011,2011-03,True,Sale,Merchandise
114933,546092,82484,WOOD BLACK BOARD ANT WHITE FINISH,2,2011-03-09 11:54:00,7.9,17138,United Kingdom,15.8,2011,2011-03,True,Sale,Merchandise
116281,546236,22569,FELTCRAFT CUSHION BUTTERFLY,4,2011-03-10 12:48:00,3.75,12370,Cyprus,15.0,2011,2011-03,True,Sale,Merchandise
117102,546365,22281,EASTER TREE YELLOW BIRDS,4,2011-03-11 11:35:00,5.95,12520,Germany,23.8,2011,2011-03,True,Sale,Merchandise
117393,546385,21527,RED RETROSPOT TRADITIONAL TEAPOT,12,2011-03-11 13:13:00,6.95,16652,United Kingdom,83.4,2011,2011-03,True,Sale,Merchandise
118920,546502,21929,JUMBO BAG PINK VINTAGE PAISLEY,1,2011-03-14 11:46:00,1.95,16005,United Kingdom,1.95,2011,2011-03,True,Sale,Merchandise
119107,546527,48187,DOORMAT NEW ENGLAND,20,2011-03-14 13:00:00,6.75,15061,United Kingdom,135.0,2011,2011-03,True,Sale,Merchandise
119183,546531,21242,RED RETROSPOT PLATE,8,2011-03-14 13:35:00,1.69,15738,United Kingdom,13.52,2011,2011-03,True,Sale,Merchandise
119231,546534,21136,PAINTED METAL PEARS ASSORTED,8,2011-03-14 13:56:00,1.69,16150,United Kingdom,13.52,2011,2011-03,True,Sale,Merchandise
119328,546541,22766,PHOTO FRAME CORNICE,8,2011-03-14 15:11:00,2.95,14911,EIRE,23.6,2011,2011-03,True,Sale,Merchandise
119823,546624,85049H,URBAN BLACK RIBBONS,12,2011-03-15 11:38:00,1.25,14193,United Kingdom,15.0,2011,2011-03,True,Sale,Merchandise
120024,546643,22846,BREAD BIN DINER STYLE RED,1,2011-03-15 13:23:00,16.95,16214,United Kingdom,16.95,2011,2011-03,True,Sale,Merchandise
120938,546684,21154,RED RETROSPOT OVEN GLOVE,24,2011-03-16 09:47:00,1.25,16152,United Kingdom,30.0,2011,2011-03,True,Sale,Merchandise
121076,546732,37448,CERAMIC CAKE DESIGN SPOTTED MUG,1,2011-03-16 11:41:00,1.49,14606,United Kingdom,1.49,2011,2011-03,True,Sale,Merchandise
121848,546787,22151,PLACE SETTING WHITE HEART,24,2011-03-17 10:01:00,0.42,14035,United Kingdom,10.08,2011,2011-03,True,Sale,Merchandise
122558,546884,22178,VICTORIAN GLASS HANGING T-LIGHT,13,2011-03-17 18:08:00,2.46,,United Kingdom,31.98,2011,2011-03,False,Sale,Merchandise
123455,546896,21851,LILAC DIAMANTE PEN IN GIFT BOX,1,2011-03-17 18:24:00,4.13,,United Kingdom,4.13,2011,2011-03,False,Sale,Merchandise
124127,546950,21735,TWO DOOR CURIO CABINET,2,2011-03-18 11:24:00,12.75,16511,United Kingdom,25.5,2011,2011-03,True,Sale,Merchandise
125894,547063,22555,PLASTERS IN TIN STRONGMAN,1,2011-03-20 13:33:00,1.65,14769,United Kingdom,1.65,2011,2011-03,True,Sale,Merchandise
126706,547095,16161P,WRAP ENGLISH ROSE,25,2011-03-21 09:03:00,0.42,13018,United Kingdom,10.5,2011,2011-03,True,Sale,Merchandise
127604,547240,20914,SET/5 RED RETROSPOT LID GLASS BOWLS,1,2011-03-21 16:32:00,2.95,17585,United Kingdom,2.95,2011,2011-03,True,Sale,Merchandise
127628,547240,21672,WHITE SPOT RED CERAMIC DRAWER KNOB,6,2011-03-21 16:32:00,1.25,17585,United Kingdom,7.5,2011,2011-03,True,Sale,Merchandise
127954,547249,21238,RED RETROSPOT CUP,4,2011-03-22 09:27:00,1.67,,United Kingdom,6.68,2011,2011-03,False,Sale,Merchandise
128955,547370,84925F,PSYCHEDELIC WALL THERMOMETER,1,2011-03-22 13:32:00,2.55,14711,United Kingdom,2.55,2011,2011-03,True,Sale,Merchandise
129028,547374,22268,EASTER DECORATION SITTING BUNNY,1,2011-03-22 13:54:00,0.85,16110,United Kingdom,0.85,2011,2011-03,True,Sale,Merchandise
130654,547498,82494L,WOODEN FRAME ANTIQUE WHITE,4,2011-03-23 12:24:00,2.95,15021,United Kingdom,11.8,2011,2011-03,True,Sale,Merchandise
130774,547510,22487,WHITE WOOD GARDEN PLANT LADDER,4,2011-03-23 13:42:00,8.5,15245,United Kingdom,34.0,2011,2011-03,True,Sale,Merchandise
130843,547513,21086,SET/6 RED SPOTTY PAPER CUPS,48,2011-03-23 13:59:00,0.65,17519,United Kingdom,31.200000000000003,2011,2011-03,True,Sale,Merchandise
131301,547552,72801D,4 SKY BLUE DINNER CANDLES,1,2011-03-23 15:55:00,2.46,,United Kingdom,2.46,2011,2011-03,False,Sale,Merchandise
131984,547651,84457,SET/3 RABBITS FLOWER SKIPPPING ROPE,1,2011-03-24 12:11:00,0.85,16904,United Kingdom,0.85,2011,2011-03,True,Sale,Merchandise
132008,547651,21165,BEWARE OF THE CAT METAL SIGN,1,2011-03-24 12:11:00,1.69,16904,United Kingdom,1.69,2011,2011-03,True,Sale,Merchandise
132129,547656,21908,CHOCOLATE THIS WAY METAL SIGN,2,2011-03-24 12:53:00,2.1,13263,United Kingdom,4.2,2011,2011-03,True,Sale,Merchandise
132363,547663,47590A,BLUE HAPPY BIRTHDAY BUNTING,2,2011-03-24 13:16:00,5.45,16022,United Kingdom,10.9,2011,2011-03,True,Sale,Merchandise
133438,547786,20676,RED RETROSPOT BOWL,4,2011-03-25 11:44:00,1.25,14587,United Kingdom,5.0,2011,2011-03,True,Sale,Merchandise
135031,547879,15044C,PURPLE PAPER PARASOL,12,2011-03-27 16:03:00,2.95,12877,United Kingdom,35.400000000000006,2011,2011-03,True,Sale,Merchandise
135546,547902,22962,JAM JAR WITH PINK LID,6,2011-03-28 11:58:00,0.85,17765,United Kingdom,5.1,2011,2011-03,True,Sale,Merchandise
137084,548012,21928,JUMBO BAG SCANDINAVIAN BLUE PAISLEY,5,2011-03-29 11:15:00,1.95,17377,United Kingdom,9.75,2011,2011-03,True,Sale,Merchandise
137495,548162,22624,IVORY KITCHEN SCALES,1,2011-03-29 13:42:00,16.63,,United Kingdom,16.63,2011,2011-03,False,Sale,Merchandise
137768,548167,21094,SET/6 RED SPOTTY PAPER PLATES,2,2011-03-29 13:45:00,2.46,,United Kingdom,4.92,2011,2011-03,False,Sale,Merchandise
139196,548308,21080,SET/20 RED RETROSPOT PAPER NAPKINS,6,2011-03-30 12:00:00,0.85,17220,United Kingdom,5.1,2011,2011-03,True,Sale,Merchandise
140209,548384,21439,BASKET OF TOADSTOOLS,1,2011-03-30 16:47:00,1.25,,United Kingdom,1.25,2011,2011-03,False,Sale,Merchandise
140495,548407,21986,PACK OF 12 PINK POLKADOT TISSUES,24,2011-03-31 10:07:00,0.29,16401,United Kingdom,6.959999999999999,2011,2011-03,True,Sale,Merchandise
140578,548449,21531,RED RETROSPOT SUGAR JAM BOWL,6,2011-03-31 11:08:00,2.55,14911,EIRE,15.299999999999999,2011,2011-03,True,Sale,Merchandise
140851,548484,21907,I'M ON HOLIDAY METAL SIGN,2,2011-03-31 12:43:00,2.1,13571,United Kingdom,4.2,2011,2011-03,True,Sale,Merchandise
142355,C548605,22453,MEASURING TAPE BABUSHKA BLUE,-1,2011-04-01 11:03:00,2.95,,United Kingdom,-2.95,2011,2011-04,False,Cancellation,Merchandise
142940,548655,22061,LARGE CAKE STAND  HANGING STRAWBERY,2,2011-04-01 13:47:00,9.95,15605,United Kingdom,19.9,2011,2011-04,True,Sale,Merchandise
143199,548666,84925F,PSYCHEDELIC WALL THERMOMETER,6,2011-04-01 14:58:00,2.55,13124,United Kingdom,15.299999999999999,2011,2011-04,True,Sale,Merchandise
143949,548714,22219,LOVEBIRD HANGING DECORATION WHITE,2,2011-04-03 15:07:00,0.85,17337,United Kingdom,1.7,2011,2011-04,True,Sale,Merchandise
145082,548867,22983,CARD BILLBOARD FONT,12,2011-04-04 14:17:00,0.42,14719,United Kingdom,5.04,2011,2011-04,True,Sale,Merchandise
145211,548872,23076,ICE CREAM SUNDAE LIP GLOSS,24,2011-04-04 14:42:00,1.25,13015,United Kingdom,30.0,2011,2011-04,True,Sale,Merchandise
145385,548893,22329,ROUND CONTAINER SET OF 5 RETROSPOT,1,2011-04-04 15:54:00,3.29,,United Kingdom,3.29,2011,2011-04,False,Sale,Merchandise
145819,548911,22807,SET OF 6 T-LIGHTS TOADSTOOLS,6,2011-04-05 09:09:00,2.95,12951,United Kingdom,17.700000000000003,2011,2011-04,True,Sale,Merchandise
146194,548978,20752,BLUE POLKADOT WASHING UP GLOVES,2,2011-04-05 12:08:00,2.1,15727,United Kingdom,4.2,2011,2011-04,True,Sale,Merchandise
146559,548993,21896,POTTING SHED TWINE,36,2011-04-05 13:56:00,2.1,12753,Japan,75.60000000000001,2011,2011-04,True,Sale,Merchandise
148351,549235,21722,SWEET PUDDING STICKER SHEET,4,2011-04-07 11:16:00,0.85,15530,United Kingdom,3.4,2011,2011-04,True,Sale,Merchandise
148747,549251,84836,ZINC METAL HEART DECORATION,4,2011-04-07 12:16:00,1.25,14449,United Kingdom,5.0,2011,2011-04,True,Sale,Merchandise
148945,549261,22798,ANTIQUE GLASS DRESSING TABLE POT,4,2011-04-07 12:35:00,2.95,14903,United Kingdom,11.8,2011,2011-04,True,Sale,Merchandise
149105,549276,22900,SET 2 TEA TOWELS I LOVE LONDON,15,2011-04-07 13:11:00,3.25,16745,United Kingdom,48.75,2011,2011-04,True,Sale,Merchandise
150147,549327,84912A,,70,2011-04-08 10:46:00,0.0,,United Kingdom,0.0,2011,2011-04,False,ZeroPrice,Merchandise
150706,549524,20724,RED RETROSPOT CHARLOTTE BAG,1,2011-04-08 15:42:00,1.63,,United Kingdom,1.63,2011,2011-04,False,Sale,Merchandise
151448,549556,21088,SET/6 FRUIT SALAD PAPER CUPS,10,2011-04-10 12:53:00,0.19,17372,United Kingdom,1.9,2011,2011-04,True,Sale,Merchandise
151456,549556,23255,CHILDRENS CUTLERY CIRCUS PARADE,2,2011-04-10 12:53:00,4.15,17372,United Kingdom,8.3,2011,2011-04,True,Sale,Merchandise
151512,549558,22639,SET OF 4 NAPKIN CHARMS HEARTS,2,2011-04-10 13:21:00,2.55,15058,United Kingdom,5.1,2011,2011-04,True,Sale,Merchandise
151927,549572,22620,4 TRADITIONAL SPINNING TOPS,1,2011-04-10 15:32:00,1.45,17757,United Kingdom,1.45,2011,2011-04,True,Sale,Merchandise
152351,549586,21243,PINK  POLKADOT PLATE,2,2011-04-11 10:00:00,3.29,,United Kingdom,6.58,2011,2011-04,False,Sale,Merchandise
152581,C549666,85064,CREAM SWEETHEART LETTER RACK,-1,2011-04-11 12:17:00,4.65,13113,United Kingdom,-4.65,2011,2011-04,True,Cancellation,Merchandise
153409,549743,21918,SET 12 KIDS COLOUR  CHALK STICKS,24,2011-04-12 10:05:00,0.42,16186,United Kingdom,10.08,2011,2011-04,True,Sale,Merchandise
153937,549833,22690,DOORMAT HOME SWEET HOME BLUE,6,2011-04-12 13:19:00,7.95,13458,United Kingdom,47.7,2011,2011-04,True,Sale,Merchandise
153965,549835,22169,FAMILY ALBUM WHITE PICTURE FRAME,8,2011-04-12 13:24:00,7.65,17511,United Kingdom,61.2,2011,2011-04,True,Sale,Merchandise
153994,549836,22918,HERB MARKER PARSLEY,5,2011-04-12 13:32:00,0.65,16814,United Kingdom,3.25,2011,2011-04,True,Sale,Merchandise
154198,549874,22403,MAGNETS PACK OF 4 VINTAGE LABELS,2,2011-04-12 15:23:00,1.25,16919,United Kingdom,2.5,2011,2011-04,True,Sale,Merchandise
154565,549923,23128,FELTCRAFT BOY JEAN-PAUL KIT,4,2011-04-13 09:59:00,4.95,13138,United Kingdom,19.8,2011,2011-04,True,Sale,Merchandise
154973,549958,22353,LUNCH BOX WITH CUTLERY FAIRY CAKES,5,2011-04-13 13:47:00,2.55,17589,United Kingdom,12.75,2011,2011-04,True,Sale,Merchandise
155068,549964,21625,VINTAGE UNION JACK APRON,3,2011-04-13 14:12:00,6.95,13122,United Kingdom,20.85,2011,2011-04,True,Sale,Merchandise
155168,549974,22776,SWEETHEART CAKESTAND 3 TIER,1,2011-04-13 14:31:00,9.95,17746,United Kingdom,9.95,2011,2011-04,True,Sale,Merchandise
156181,550123,22029,SPACEBOY BIRTHDAY CARD,12,2011-04-14 12:39:00,0.42,,United Kingdom,5.04,2011,2011-04,False,Sale,Merchandise
156613,550152,22808,SET OF 6 T-LIGHTS EASTER CHICKS,2,2011-04-14 14:43:00,2.95,17362,United Kingdom,5.9,2011,2011-04,True,Sale,Merchandise
157371,550203,22195,LARGE HEART MEASURING SPOONS,1,2011-04-15 10:37:00,3.29,,United Kingdom,3.29,2011,2011-04,False,Sale,Merchandise
157701,550210,21930,JUMBO STORAGE BAG SKULLS,1,2011-04-15 10:40:00,4.96,,United Kingdom,4.96,2011,2011-04,False,Sale,Merchandise
157829,550213,21911,GARDEN METAL SIGN,1,2011-04-15 10:42:00,3.29,,United Kingdom,3.29,2011,2011-04,False,Sale,Merchandise
158271,550280,85194L,HANGING SPRING FLOWER EGG LARGE,10,2011-04-15 13:31:00,0.85,13048,United Kingdom,8.5,2011,2011-04,True,Sale,Merchandise
158713,550310,21899,"KEY FOB , GARAGE DESIGN",24,2011-04-17 11:04:00,0.65,15985,United Kingdom,15.600000000000001,2011,2011-04,True,Sale,Merchandise
159024,550321,85123A,WHITE HANGING HEART T-LIGHT HOLDER,5,2011-04-17 12:49:00,2.95,16770,United Kingdom,14.75,2011,2011-04,True,Sale,Merchandise
159806,550360,22558,CLOTHES PEGS RETROSPOT PACK 24,2,2011-04-18 10:55:00,1.65,14978,United Kingdom,3.3,2011,2011-04,True,Sale,Merchandise
160654,550467,22293,HANGING CHICK GREEN DECORATION,4,2011-04-18 13:36:00,1.45,18009,United Kingdom,5.8,2011,2011-04,True,Sale,Merchandise
161203,550471,20728,LUNCH BAG CARS BLUE,2,2011-04-18 13:52:00,4.13,,United Kingdom,8.26,2011,2011-04,False,Sale,Merchandise
161383,550474,85132C,CHARLIE AND LOLA FIGURES TINS,1,2011-04-18 13:58:00,5.79,,United Kingdom,5.79,2011,2011-04,False,Sale,Merchandise
161518,550474,22411,JUMBO SHOPPER VINTAGE RED PAISLEY,2,2011-04-18 13:58:00,4.13,,United Kingdom,8.26,2011,2011-04,False,Sale,Merchandise
161640,550477,21843,RED RETROSPOT CAKE STAND,2,2011-04-18 14:01:00,10.95,17338,United Kingdom,21.9,2011,2011-04,True,Sale,Merchandise
161644,550477,22219,LOVEBIRD HANGING DECORATION WHITE,4,2011-04-18 14:01:00,0.85,17338,United Kingdom,3.4,2011,2011-04,True,Sale,Merchandise
162040,550496,84828,JUNGLE POPSICLES ICE LOLLY MOULDS,2,2011-04-18 15:05:00,2.46,,United Kingdom,4.92,2011,2011-04,False,Sale,Merchandise
162994,550527,22192,BLUE DINER WALL CLOCK,4,2011-04-19 10:48:00,8.5,12476,Germany,34.0,2011,2011-04,True,Sale,Merchandise
163582,550616,22722,SET OF 6 SPICE TINS PANTRY DESIGN,8,2011-04-19 12:59:00,3.95,15140,United Kingdom,31.6,2011,2011-04,True,Sale,Merchandise
163609,550617,23206,LUNCH BAG APPLE DESIGN,10,2011-04-19 13:03:00,1.65,13376,United Kingdom,16.5,2011,2011-04,True,Sale,Merchandise
163610,550617,20725,LUNCH BAG RED RETROSPOT,10,2011-04-19 13:03:00,1.65,13376,United Kingdom,16.5,2011,2011-04,True,Sale,Merchandise
164249,550637,22967,SET 3 SONG BIRD PAPER EGGS ASSORTED,2,2011-04-19 15:39:00,2.95,14415,United Kingdom,5.9,2011,2011-04,True,Sale,Merchandise
164894,550714,22595,GINGHAM HEART DECORATION,24,2011-04-20 11:12:00,0.85,15249,United Kingdom,20.4,2011,2011-04,True,Sale,Merchandise
166214,550906,47518F,ICON PLACEMAT POP ART ELVIS,144,2011-04-21 12:34:00,0.12,14298,United Kingdom,17.28,2011,2011-04,True,Sale,Merchandise
166345,550913,21116,OWL DOORSTOP,3,2011-04-21 13:22:00,4.95,17631,United Kingdom,14.850000000000001,2011,2011-04,True,Sale,Merchandise
167311,550987,21041,RED RETROSPOT OVEN GLOVE DOUBLE,1,2011-04-21 18:10:00,5.79,,United Kingdom,5.79,2011,2011-04,False,Sale,Merchandise
168127,551012,22554,PLASTERS IN TIN WOODLAND ANIMALS,1,2011-04-26 10:32:00,3.29,,United Kingdom,3.29,2011,2011-04,False,Sale,Merchandise
168513,551057,22960,JAM MAKING SET WITH JARS,1,2011-04-26 11:59:00,4.25,16942,United Kingdom,4.25,2011,2011-04,True,Sale,Merchandise
168552,551058,21078,SET/20 STRAWBERRY PAPER NAPKINS,1,2011-04-26 12:07:00,0.85,14606,United Kingdom,0.85,2011,2011-04,True,Sale,Merchandise
168592,551085,21900,"KEY FOB , SHED",24,2011-04-26 12:29:00,0.65,14854,United Kingdom,15.600000000000001,2011,2011-04,True,Sale,Merchandise
169111,551161,20914,SET/5 RED RETROSPOT LID GLASS BOWLS,6,2011-04-26 15:26:00,2.95,18183,United Kingdom,17.700000000000003,2011,2011-04,True,Sale,Merchandise
169388,551174,21733,RED HANGING HEART T-LIGHT HOLDER,1,2011-04-26 17:02:00,5.79,,United Kingdom,5.79,2011,2011-04,False,Sale,Merchandise
169957,551270,72802B,OCEAN SCENT CANDLE IN JEWELLED BOX,2,2011-04-27 12:35:00,4.25,15891,United Kingdom,8.5,2011,2011-04,True,Sale,Merchandise
170318,551284,84535B,FAIRY CAKES NOTEBOOK A6 SIZE,4,2011-04-27 14:05:00,0.65,15005,United Kingdom,2.6,2011,2011-04,True,Sale,Merchandise
170589,551339,15036,ASSORTED COLOURS SILK FAN,10,2011-04-27 17:18:00,1.63,,United Kingdom,16.299999999999997,2011,2011-04,False,Sale,Merchandise
171487,551420,22379,RECYCLING BAG RETROSPOT,10,2011-04-28 14:00:00,2.1,17068,United Kingdom,21.0,2011,2011-04,True,Sale,Merchandise
171585,551436,22840,ROUND CAKE TIN VINTAGE RED,1,2011-04-28 15:13:00,7.95,16904,United Kingdom,7.95,2011,2011-04,True,Sale,Merchandise
171977,551507,21668,RED STRIPE CERAMIC DRAWER KNOB,12,2011-04-28 18:11:00,1.25,18272,United Kingdom,15.0,2011,2011-04,True,Sale,Merchandise
172047,551516,22750,FELTCRAFT PRINCESS LOLA DOLL,4,2011-05-01 11:10:00,3.75,14800,United Kingdom,15.0,2011,2011-05,True,Sale,Merchandise
172949,551603,22386,JUMBO BAG PINK POLKADOT,10,2011-05-03 11:34:00,2.08,16745,United Kingdom,20.8,2011,2011-05,True,Sale,Merchandise
173377,551696,23205,CHARLOTTE BAG VINTAGE ALPHABET,10,2011-05-03 13:39:00,0.85,14110,United Kingdom,8.5,2011,2011-05,True,Sale,Merchandise
173383,551696,85123A,WHITE HANGING HEART T-LIGHT HOLDER,32,2011-05-03 13:39:00,2.55,14110,United Kingdom,81.6,2011,2011-05,True,Sale,Merchandise
174301,551809,21232,STRAWBERRY CERAMIC TRINKET BOX,72,2011-05-04 11:32:00,1.06,17511,United Kingdom,76.32000000000001,2011,2011-05,True,Sale,Merchandise
175795,551986,47566B,TEA TIME PARTY BUNTING,2,2011-05-05 14:41:00,4.95,13888,United Kingdom,9.9,2011,2011-05,True,Sale,Merchandise
175905,551994,85230E,STRAWBRY SCENTED VOTIVE CANDLE,24,2011-05-05 15:42:00,0.29,12868,United Kingdom,6.959999999999999,2011,2011-05,True,Sale,Merchandise
176418,552000,21195,PINK  HONEYCOMB PAPER BALL,4,2011-05-05 15:56:00,4.13,,United Kingdom,16.52,2011,2011-05,False,Sale,Merchandise
177114,552041,85099B,JUMBO BAG RED RETROSPOT,10,2011-05-06 08:25:00,2.08,14273,United Kingdom,20.8,2011,2011-05,True,Sale,Merchandise
177350,552057,21080,SET/20 RED RETROSPOT PAPER NAPKINS,12,2011-05-06 10:34:00,0.85,17504,United Kingdom,10.2,2011,2011-05,True,Sale,Merchandise
177778,552181,22138,BAKING SET 9 PIECE RETROSPOT,96,2011-05-06 13:36:00,4.25,17381,United Kingdom,408.0,2011,2011-05,True,Sale,Merchandise
177784,552182,22180,RETROSPOT LAMP,1,2011-05-06 13:38:00,9.95,14180,United Kingdom,9.95,2011,2011-05,True,Sale,Merchandise
178304,552231,21154,RED RETROSPOT OVEN GLOVE,3,2011-05-06 15:47:00,1.25,17364,United Kingdom,3.75,2011,2011-05,True,Sale,Merchandise
178802,552238,85017B,ENVELOPE 50 BLOSSOM IMAGES,108,2011-05-06 16:48:00,0.42,14403,United Kingdom,45.36,2011,2011-05,True,Sale,Merchandise
178967,552253,23204,CHARLOTTE BAG APPLES DESIGN,10,2011-05-08 10:20:00,0.85,14201,United Kingdom,8.5,2011,2011-05,True,Sale,Merchandise
179853,552290,22355,CHARLOTTE BAG SUKI DESIGN,1,2011-05-08 13:32:00,0.85,16007,United Kingdom,0.85,2011,2011-05,True,Sale,Merchandise
180267,552311,22295,HEART FILIGREE DOVE LARGE,24,2011-05-08 15:22:00,1.65,15312,United Kingdom,39.599999999999994,2011,2011-05,True,Sale,Merchandise
181463,552469,22817,CARD SUKI BIRTHDAY,12,2011-05-09 15:34:00,0.42,12867,United Kingdom,5.04,2011,2011-05,True,Sale,Merchandise
181722,552508,37342,POLKADOT COFFEE CUP & SAUCER PINK,6,2011-05-09 16:27:00,2.46,,United Kingdom,14.76,2011,2011-05,False,Sale,Merchandise
182517,C552552,22219,LOVEBIRD HANGING DECORATION WHITE,-12,2011-05-10 10:51:00,0.85,16525,United Kingdom,-10.2,2011,2011-05,True,Cancellation,Merchandise
182833,552576,23202,JUMBO BAG VINTAGE LEAF,10,2011-05-10 12:26:00,2.08,13242,United Kingdom,20.8,2011,2011-05,True,Sale,Merchandise
183232,552654,21733,RED HANGING HEART T-LIGHT HOLDER,1,2011-05-10 14:20:00,2.95,15756,United Kingdom,2.95,2011,2011-05,True,Sale,Merchandise
183394,552659,47559B,TEA TIME OVEN GLOVE,1,2011-05-10 15:03:00,3.29,,United Kingdom,3.29,2011,2011-05,False,Sale,Merchandise
183430,552659,21668,RED STRIPE CERAMIC DRAWER KNOB,16,2011-05-10 15:03:00,2.46,,United Kingdom,39.36,2011,2011-05,False,Sale,Merchandise
183640,552665,21931,JUMBO STORAGE BAG SUKI,4,2011-05-10 15:05:00,4.13,,United Kingdom,16.52,2011,2011-05,False,Sale,Merchandise
184461,552690,37476,CONDIMENT TRAY 4 BOWLS AND 4 SPOONS,2,2011-05-10 15:10:00,9.95,16676,United Kingdom,19.9,2011,2011-05,True,Sale,Merchandise
184539,552695,21705,BAG 500g SWIRLY MARBLES,12,2011-05-10 15:31:00,1.65,16320,Unspecified,19.799999999999997,2011,2011-05,True,Sale,Merchandise
186122,552851,84879,ASSORTED COLOUR BIRD ORNAMENT,120,2011-05-11 15:07:00,1.69,12731,France,202.79999999999998,2011,2011-05,True,Sale,Merchandise
186561,552869,21559,STRAWBERRY LUNCH BOX WITH CUTLERY,6,2011-05-12 08:41:00,2.55,15106,United Kingdom,15.299999999999999,2011,2011-05,True,Sale,Merchandise
187219,552954,22585,PACK OF 6 BIRDY GIFT TAGS,6,2011-05-12 12:30:00,1.25,14064,United Kingdom,7.5,2011,2011-05,True,Sale,Merchandise
187226,552955,22088,PAPER BUNTING COLOURED LACE,4,2011-05-12 12:30:00,2.95,13113,United Kingdom,11.8,2011,2011-05,True,Sale,Merchandise
187981,553013,22191,IVORY DINER WALL CLOCK,1,2011-05-12 18:19:00,16.63,,United Kingdom,16.63,2011,2011-05,False,Sale,Merchandise
188368,553035,22854,CREAM SWEETHEART EGG HOLDER,1,2011-05-12 20:13:00,4.95,17337,United Kingdom,4.95,2011,2011-05,True,Sale,Merchandise
188432,553035,85150,LADIES & GENTLEMEN METAL SIGN,2,2011-05-12 20:13:00,2.55,17337,United Kingdom,5.1,2011,2011-05,True,Sale,Merchandise
189733,553162,85131D,BEADED CRYSTAL HEART PINK ON STICK,4,2011-05-13 15:53:00,0.83,,United Kingdom,3.32,2011,2011-05,False,Sale,Merchandise
190325,553189,21360,JOY LARGE WOOD LETTERS,1,2011-05-15 13:14:00,3.95,15033,United Kingdom,3.95,2011,2011-05,True,Sale,Merchandise
190395,553190,22297,HEART IVORY TRELLIS SMALL,3,2011-05-15 13:14:00,1.25,15164,United Kingdom,3.75,2011,2011-05,True,Sale,Merchandise
190447,553194,47594A,CAROUSEL DESIGN WASHBAG,3,2011-05-15 13:37:00,1.95,16283,United Kingdom,5.85,2011,2011-05,True,Sale,Merchandise
190979,553225,23156,SET OF 5 MINI GROCERY MAGNETS,12,2011-05-16 10:41:00,2.08,16912,United Kingdom,24.96,2011,2011-05,True,Sale,Merchandise
192311,553402,22440,BALLOON WATER BOMB PACK OF 35,2,2011-05-16 17:13:00,0.42,17898,United Kingdom,0.84,2011,2011-05,True,Sale,Merchandise
192925,553489,23231,WRAP DOILEY DESIGN,25,2011-05-17 12:43:00,0.42,15730,United Kingdom,10.5,2011,2011-05,True,Sale,Merchandise
193448,C553530,72802A,ROSE SCENT CANDLE IN JEWELLED BOX,-1,2011-05-17 15:08:00,3.81,13777,United Kingdom,-3.81,2011,2011-05,True,Cancellation,Merchandise
194147,553552,22386,JUMBO BAG PINK POLKADOT,10,2011-05-17 16:23:00,2.08,17702,United Kingdom,20.8,2011,2011-05,True,Sale,Merchandise
194395,553576,85099C,JUMBO  BAG BAROQUE BLACK WHITE,100,2011-05-18 10:29:00,1.79,14282,United Kingdom,179.0,2011,2011-05,True,Sale,Merchandise
194616,553658,21770,OPEN CLOSED METAL SIGN,2,2011-05-18 11:42:00,4.95,16818,United Kingdom,9.9,2011,2011-05,True,Sale,Merchandise
194680,553661,23175,REGENCY MILK JUG PINK,28,2011-05-18 11:59:00,2.75,13572,United Kingdom,77.0,2011,2011-05,True,Sale,Merchandise
194970,553684,23170,REGENCY TEA PLATE ROSES,24,2011-05-18 13:55:00,1.65,16389,United Kingdom,39.599999999999994,2011,2011-05,True,Sale,Merchandise
195541,553721,22727,ALARM CLOCK BAKELIKE RED,6,2011-05-18 16:37:00,3.75,16570,United Kingdom,22.5,2011,2011-05,True,Sale,Merchandise
195982,553766,22840,ROUND CAKE TIN VINTAGE RED,1,2011-05-19 10:44:00,15.79,,United Kingdom,15.79,2011,2011-05,False,Sale,Merchandise
195987,553766,47566B,TEA TIME PARTY BUNTING,4,2011-05-19 10:44:00,8.29,,United Kingdom,33.16,2011,2011-05,False,Sale,Merchandise
196965,553879,22652,TRAVEL SEWING KIT,10,2011-05-19 15:15:00,1.65,15791,United Kingdom,16.5,2011,2011-05,True,Sale,Merchandise
197695,553928,21731,RED TOADSTOOL LED NIGHT LIGHT,72,2011-05-20 10:02:00,1.45,12931,United Kingdom,104.39999999999999,2011,2011-05,True,Sale,Merchandise
198089,554009,84380,SET OF 3 BUTTERFLY COOKIE CUTTERS,12,2011-05-20 12:38:00,1.25,12935,United Kingdom,15.0,2011,2011-05,True,Sale,Merchandise
198360,554033,20728,LUNCH BAG CARS BLUE,20,2011-05-20 14:06:00,1.65,16187,United Kingdom,33.0,2011,2011-05,True,Sale,Merchandise
198771,554067,21890,S/6 WOODEN SKITTLES IN COTTON BAG,6,2011-05-22 10:47:00,3.25,18150,United Kingdom,19.5,2011,2011-05,True,Sale,Merchandise
198845,554070,21755,LOVE BUILDING BLOCK WORD,4,2011-05-22 11:06:00,5.95,13555,United Kingdom,23.8,2011,2011-05,True,Sale,Merchandise
199045,554080,23301,GARDENERS KNEELING PAD KEEP CALM,1,2011-05-22 11:42:00,1.65,16931,United Kingdom,1.65,2011,2011-05,True,Sale,Merchandise
199128,554084,22470,HEART OF WICKER LARGE,6,2011-05-22 11:52:00,2.95,12909,United Kingdom,17.700000000000003,2011,2011-05,True,Sale,Merchandise
199724,C554100,22858,EASTER TIN KEEPSAKE,-1,2011-05-22 13:27:00,1.65,15555,United Kingdom,-1.65,2011,2011-05,True,Cancellation,Merchandise
200048,554112,90013C,GREEN VINTAGE EARRINGS,2,2011-05-22 14:44:00,3.75,17611,United Kingdom,7.5,2011,2011-05,True,Sale,Merchandise
200209,554117,21787,RAIN PONCHO RETROSPOT,24,2011-05-22 15:12:00,0.85,13758,United Kingdom,20.4,2011,2011-05,True,Sale,Merchandise
201083,554268,22427,ENAMEL FLOWER JUG CREAM,1,2011-05-23 12:59:00,5.95,15311,United Kingdom,5.95,2011,2011-05,True,Sale,Merchandise
202479,554421,23163,REGENCY SUGAR TONGS,8,2011-05-24 12:12:00,2.49,18202,United Kingdom,19.92,2011,2011-05,True,Sale,Merchandise
202560,554483,22090,PAPER BUNTING RETROSPOT,12,2011-05-24 12:57:00,2.95,13771,United Kingdom,35.400000000000006,2011,2011-05,True,Sale,Merchandise
202618,554489,21890,S/6 WOODEN SKITTLES IN COTTON BAG,12,2011-05-24 13:46:00,3.25,17272,United Kingdom,39.0,2011,2011-05,True,Sale,Merchandise
203416,554514,82567,"AIRLINE LOUNGE,METAL SIGN",4,2011-05-24 15:58:00,1.63,,United Kingdom,6.52,2011,2011-05,False,Sale,Merchandise
203996,554617,20725,LUNCH BAG RED RETROSPOT,1,2011-05-25 11:21:00,1.65,14593,United Kingdom,1.65,2011,2011-05,True,Sale,Merchandise
204688,C554685,20682,RED RETROSPOT CHILDRENS UMBRELLA,-1,2011-05-25 16:30:00,3.25,16161,United Kingdom,-3.25,2011,2011-05,True,Cancellation,Merchandise
206119,C554867,21896,POTTING SHED TWINE,-2,2011-05-27 10:48:00,2.1,13050,United Kingdom,-4.2,2011,2011-05,True,Cancellation,Merchandise
206316,554929,20981,12 PENCILS TALL TUBE WOODLAND,12,2011-05-27 13:16:00,0.85,13018,United Kingdom,10.2,2011,2011-05,True,Sale,Merchandise
206538,554941,85054,FRENCH ENAMEL POT W LID,1,2011-05-27 13:53:00,2.95,16016,United Kingdom,2.95,2011,2011-05,True,Sale,Merchandise
207282,554981,21931,JUMBO STORAGE BAG SUKI,5,2011-05-29 12:06:00,2.08,17613,United Kingdom,10.4,2011,2011-05,True,Sale,Merchandise
208015,555076,23107,WHITE HEARTS WIRE PLANT POT HOLDER,8,2011-05-31 12:11:00,2.89,13900,United Kingdom,23.12,2011,2011-05,True,Sale,Merchandise
208580,555124,22629,SPACEBOY LUNCH BOX,2,2011-05-31 15:26:00,1.95,18204,United Kingdom,3.9,2011,2011-05,True,Sale,Merchandise
209576,555250,22748,POPPY'S PLAYHOUSE KITCHEN,1,2011-06-01 14:58:00,2.1,,United Kingdom,2.1,2011,2011-06,False,Sale,Merchandise
209688,555263,15034,PAPER POCKET TRAVELING FAN,24,2011-06-01 15:47:00,0.14,15192,United Kingdom,3.3600000000000003,2011,2011-06,True,Sale,Merchandise
209785,555275,21929,JUMBO BAG PINK VINTAGE PAISLEY,1,2011-06-01 17:18:00,4.13,,United Kingdom,4.13,2011,2011-06,False,Sale,Merchandise
210300,555277,DOT,DOTCOM POSTAGE,1,2011-06-01 17:30:00,124.87,,United Kingdom,124.87,2011,2011-06,False,Sale,Postage
210564,555284,23161,REGENCY CAKE FORK,12,2011-06-02 09:37:00,1.04,14298,United Kingdom,12.48,2011,2011-06,True,Sale,Merchandise
211451,555383,21928,JUMBO BAG SCANDINAVIAN BLUE PAISLEY,2,2011-06-02 15:13:00,2.08,12517,Germany,4.16,2011,2011-06,True,Sale,Merchandise
212267,555422,23108,SET OF 10 LED DOLLY LIGHTS,4,2011-06-03 10:37:00,6.25,12779,Poland,25.0,2011,2011-06,True,Sale,Merchandise
212970,555515,22429,ENAMEL MEASURING JUG CREAM,4,2011-06-05 10:47:00,4.25,17690,United Kingdom,17.0,2011,2011-06,True,Sale,Merchandise
213445,555540,22752,SET 7 BABUSHKA NESTING BOXES,1,2011-06-05 12:48:00,8.5,13668,United Kingdom,8.5,2011,2011-06,True,Sale,Merchandise
214405,555573,85123A,WHITE HANGING HEART T-LIGHT HOLDER,1,2011-06-05 15:46:00,2.95,15349,United Kingdom,2.95,2011,2011-06,True,Sale,Merchandise
215101,555647,22840,ROUND CAKE TIN VINTAGE RED,2,2011-06-06 13:43:00,7.95,12957,United Kingdom,15.9,2011,2011-06,True,Sale,Merchandise
215225,555650,23194,GYMKHANNA TREASURE BOOK BOX,8,2011-06-06 13:48:00,2.25,14156,EIRE,18.0,2011,2011-06,True,Sale,Merchandise
216064,555815,22469,HEART OF WICKER SMALL,12,2011-06-07 11:47:00,1.65,13089,United Kingdom,19.799999999999997,2011,2011-06,True,Sale,Merchandise
216371,555844,37413,ICON MUG REVOLUTIONARY,6,2011-06-07 13:10:00,0.39,14711,United Kingdom,2.34,2011,2011-06,True,Sale,Merchandise
216425,555845,10133,COLOURING PENCILS BROWN TUBE,30,2011-06-07 13:19:00,0.42,17015,United Kingdom,12.6,2011,2011-06,True,Sale,Merchandise
217099,C555885,22978,PANTRY ROLLING PIN,-1,2011-06-07 15:50:00,3.75,14842,United Kingdom,-3.75,2011,2011-06,True,Cancellation,Merchandise
217614,555925,84968A,SET OF 16 VINTAGE ROSE CUTLERY,1,2011-06-07 17:13:00,24.96,,United Kingdom,24.96,2011,2011-06,False,Sale,Merchandise
218861,556073,22835,HOT WATER BOTTLE I AM SO POORLY,4,2011-06-08 15:05:00,4.65,16358,United Kingdom,18.6,2011,2011-06,True,Sale,Merchandise
219768,556108,20707,CRAZY DAISY HEART DECORATION,4,2011-06-08 17:59:00,0.83,,United Kingdom,3.32,2011,2011-06,False,Sale,Merchandise
220237,556128,23165,LARGE CERAMIC TOP STORAGE JAR,12,2011-06-09 10:31:00,1.65,13038,United Kingdom,19.799999999999997,2011,2011-06,True,Sale,Merchandise
220292,556181,47503A,ASS FLORAL PRINT MULTI SCREWDRIVER,12,2011-06-09 11:32:00,1.25,15407,United Kingdom,15.0,2011,2011-06,True,Sale,Merchandise
220333,556183,21114,LAVENDER SCENTED FABRIC HEART,10,2011-06-09 11:37:00,1.25,13134,United Kingdom,12.5,2011,2011-06,True,Sale,Merchandise
220612,556203,22492,MINI PAINT SET VINTAGE,108,2011-06-09 13:09:00,0.65,12399,Belgium,70.2,2011,2011-06,True,Sale,Merchandise
221082,556237,90003E,GREEN PAIR HEART HAIR SLIDES,1,2011-06-09 15:34:00,3.73,,United Kingdom,3.73,2011,2011-06,False,Sale,Merchandise
221145,556241,79144B,PAINTED LIGHTBULB STAR+ MOON,6,2011-06-09 16:04:00,0.42,12597,Spain,2.52,2011,2011-06,True,Sale,Merchandise
221232,556243,21829,DINOSAUR KEYRINGS ASSORTED,12,2011-06-09 16:07:00,0.42,,United Kingdom,5.04,2011,2011-06,False,Sale,Merchandise
221616,556259,22699,ROSES REGENCY TEACUP AND SAUCER,6,2011-06-09 17:53:00,2.95,12721,France,17.700000000000003,2011,2011-06,True,Sale,Merchandise
221906,556290,21172,PARTY METAL SIGN,12,2011-06-10 09:23:00,1.45,17088,United Kingdom,17.4,2011,2011-06,True,Sale,Merchandise
222325,556416,22584,PACK OF 6 PANNETONE GIFT BOXES,3,2011-06-10 12:19:00,2.55,15527,United Kingdom,7.6499999999999995,2011,2011-06,True,Sale,Merchandise
223076,556473,21982,PACK OF 12 SUKI TISSUES,6,2011-06-12 12:00:00,0.29,17265,United Kingdom,1.7399999999999998,2011,2011-06,True,Sale,Merchandise
224423,556526,23256,CHILDRENS CUTLERY SPACEBOY,8,2011-06-13 11:33:00,4.15,12732,France,33.2,2011,2011-06,True,Sale,Merchandise
226377,556792,21509,COWBOYS AND INDIANS BIRTHDAY CARD,12,2011-06-14 13:52:00,0.42,17043,United Kingdom,5.04,2011,2011-06,True,Sale,Merchandise
226863,556813,22768,FAMILY PHOTO FRAME CORNICE,1,2011-06-14 17:28:00,19.96,,United Kingdom,19.96,2011,2011-06,False,Sale,Merchandise
227548,556882,22435,SET OF 9 HEART SHAPED BALLOONS,5,2011-06-15 12:21:00,1.25,14395,United Kingdom,6.25,2011,2011-06,True,Sale,Merchandise
228714,556942,22557,PLASTERS IN TIN VINTAGE PAISLEY,12,2011-06-15 16:42:00,1.65,14222,United Kingdom,19.799999999999997,2011,2011-06,True,Sale,Merchandise
229490,557057,23245,SET OF 3 REGENCY CAKE TINS,8,2011-06-16 14:46:00,4.95,16843,United Kingdom,39.6,2011,2011-06,True,Sale,Merchandise
230544,557153,23244,ROUND STORAGE TIN VINTAGE LEAF,2,2011-06-17 11:07:00,1.95,13735,United Kingdom,3.9,2011,2011-06,True,Sale,Merchandise
231366,557263,23209,LUNCH BAG DOILEY PATTERN,100,2011-06-19 11:08:00,1.45,14646,Netherlands,145.0,2011,2011-06,True,Sale,Merchandise
231603,557274,22193,RED DINER WALL CLOCK,2,2011-06-19 11:44:00,8.5,14004,United Kingdom,17.0,2011,2011-06,True,Sale,Merchandise
231876,557287,23245,SET OF 3 REGENCY CAKE TINS,6,2011-06-19 12:47:00,4.95,18109,United Kingdom,29.700000000000003,2011,2011-06,True,Sale,Merchandise
234573,557570,22464,HANGING METAL HEART LANTERN,6,2011-06-21 10:48:00,1.65,15998,United Kingdom,9.899999999999999,2011,2011-06,True,Sale,Merchandise
235220,557630,21558,SKULL LUNCH BOX WITH CUTLERY,6,2011-06-21 14:53:00,2.55,13178,United Kingdom,15.299999999999999,2011,2011-06,True,Sale,Merchandise
235265,557633,48116,DOORMAT MULTICOLOUR STRIPE,2,2011-06-21 15:13:00,7.95,13750,United Kingdom,15.9,2011,2011-06,True,Sale,Merchandise
236457,557758,84944,SET OF 6 KASHMIR FOLKART BAUBLES,1,2011-06-22 13:28:00,1.65,17585,United Kingdom,1.65,2011,2011-06,True,Sale,Merchandise
236900,557789,21246,RED RETROSPOT BIG BOWL,6,2011-06-22 16:32:00,4.95,12379,Belgium,29.700000000000003,2011,2011-06,True,Sale,Merchandise
237272,557850,21936,RED RETROSPOT PICNIC BAG,5,2011-06-23 10:56:00,2.95,12720,Germany,14.75,2011,2011-06,True,Sale,Merchandise
237346,557854,22815,CARD PSYCHEDELIC APPLES,12,2011-06-23 11:38:00,0.42,13268,United Kingdom,5.04,2011,2011-06,True,Sale,Merchandise
238722,557954,84997B,CHILDRENS CUTLERY RETROSPOT RED,2,2011-06-23 18:44:00,4.15,15023,United Kingdom,8.3,2011,2011-06,True,Sale,Merchandise
240299,558096,22665,RECIPE BOX BLUE SKETCHBOOK DESIGN,1,2011-06-26 13:24:00,2.95,15532,United Kingdom,2.95,2011,2011-06,True,Sale,Merchandise
242572,558358,21429,RED GINGHAM ROSE JEWELLERY BOX,1,2011-06-28 15:05:00,1.95,17965,United Kingdom,1.95,2011,2011-06,True,Sale,Merchandise
243231,558437,21372,MIRRORED WALL ART TABLE LAMP,5,2011-06-29 12:46:00,0.75,17799,United Kingdom,3.75,2011,2011-06,True,Sale,Merchandise
243326,C558444,82483,WOOD 2 DRAWER CABINET WHITE FINISH,-1,2011-06-29 13:29:00,5.95,15311,United Kingdom,-5.95,2011,2011-06,True,Cancellation,Merchandise
244187,558475,22037,ROBOT BIRTHDAY CARD,1,2011-06-29 15:58:00,0.83,,United Kingdom,0.83,2011,2011-06,False,Sale,Merchandise
244750,558540,22437,SET OF 9 BLACK SKULL BALLOONS,20,2011-06-30 12:15:00,0.85,17706,United Kingdom,17.0,2011,2011-06,True,Sale,Merchandise
244751,558540,22061,LARGE CAKE STAND  HANGING STRAWBERY,2,2011-06-30 12:15:00,9.95,17706,United Kingdom,19.9,2011,2011-06,True,Sale,Merchandise
245941,558639,20725,LUNCH BAG RED RETROSPOT,20,2011-07-01 08:55:00,1.65,13492,Switzerland,33.0,2011,2011-07,True,Sale,Merchandise
247058,558752,23200,JUMBO BAG PEARS,6,2011-07-03 11:40:00,2.08,16931,United Kingdom,12.48,2011,2011-07,True,Sale,Merchandise
248414,558814,23302,KNEELING MAT HOUSEWORK  DESIGN,1,2011-07-04 11:47:00,1.65,14049,United Kingdom,1.65,2011,2011-07,True,Sale,Merchandise
249792,558916,72807C,SET/3 VANILLA SCENTED CANDLE IN BOX,24,2011-07-05 09:33:00,3.81,16985,United Kingdom,91.44,2011,2011-07,True,Sale,Merchandise
249939,558964,23226,FILIGREE HEART DAISY WHITE,24,2011-07-05 10:58:00,1.25,14235,United Kingdom,30.0,2011,2011-07,True,Sale,Merchandise
250294,559016,22423,REGENCY CAKESTAND 3 TIER,8,2011-07-05 13:01:00,12.75,14051,United Kingdom,102.0,2011,2011-07,True,Sale,Merchandise
250326,559018,20793,BLUE TILED TRAY,1,2011-07-05 13:07:00,6.75,18203,United Kingdom,6.75,2011,2011-07,True,Sale,Merchandise
251545,559055,22322,BIRD DECORATION GREEN POLKADOT,1,2011-07-05 17:09:00,0.83,,United Kingdom,0.83,2011,2011-07,False,Sale,Merchandise
251665,559055,23204,CHARLOTTE BAG APPLES DESIGN,1,2011-07-05 17:09:00,1.63,,United Kingdom,1.63,2011,2011-07,False,Sale,Merchandise
253574,559163,22814,CARD PARTY GAMES,2,2011-07-06 16:33:00,0.42,,United Kingdom,0.84,2011,2011-07,False,Sale,Merchandise
253646,559163,82567,"AIRLINE LOUNGE,METAL SIGN",2,2011-07-06 16:33:00,1.63,,United Kingdom,3.26,2011,2011-07,False,Sale,Merchandise
254264,C559303,22367,CHILDRENS APRON SPACEBOY DESIGN,-2,2011-07-07 12:49:00,1.95,13510,United Kingdom,-3.9,2011,2011-07,True,Cancellation,Merchandise
254305,559307,23199,JUMBO BAG APPLES,3,2011-07-07 13:02:00,2.08,15356,United Kingdom,6.24,2011,2011-07,True,Sale,Merchandise
255421,559342,23023,RIDGED BONNE JAM JAR T-LIGHT HOLDER,12,2011-07-07 16:59:00,1.65,14493,United Kingdom,19.799999999999997,2011,2011-07,True,Sale,Merchandise
256603,559499,22174,PHOTO CUBE,3,2011-07-08 14:22:00,4.13,,United Kingdom,12.39,2011,2011-07,False,Sale,Merchandise
256618,559499,22645,CERAMIC HEART FAIRY CAKE MONEY BANK,11,2011-07-08 14:22:00,4.13,,United Kingdom,45.43,2011,2011-07,False,Sale,Merchandise
257518,559535,79321,CHILLI LIGHTS,1,2011-07-10 12:16:00,5.75,17841,United Kingdom,5.75,2011,2011-07,True,Sale,Merchandise
258112,559552,85024B,EAU DE NILE JEWELLED PHOTOFRAME,1,2011-07-10 16:29:00,1.65,16014,United Kingdom,1.65,2011,2011-07,True,Sale,Merchandise
258245,559557,23174,REGENCY SUGAR BOWL GREEN,4,2011-07-11 10:33:00,4.15,17444,Canada,16.6,2011,2011-07,True,Sale,Merchandise
258696,559668,20992,JAZZ HEARTS PURSE NOTEBOOK,24,2011-07-11 13:40:00,0.39,13394,United Kingdom,9.36,2011,2011-07,True,Sale,Merchandise
259267,559693,21578,WOODLAND DESIGN  COTTON TOTE BAG,3,2011-07-11 16:21:00,1.63,,United Kingdom,4.89,2011,2011-07,False,Sale,Merchandise
259304,559693,21931,JUMBO STORAGE BAG SUKI,1,2011-07-11 16:21:00,4.13,,United Kingdom,4.13,2011,2011-07,False,Sale,Merchandise
259331,559693,22182,CAKE STAND VICTORIAN FILIGREE SMALL,1,2011-07-11 16:21:00,4.13,,United Kingdom,4.13,2011,2011-07,False,Sale,Merchandise
260219,559804,22797,CHEST OF DRAWERS GINGHAM HEART,1,2011-07-12 14:17:00,16.95,17405,United Kingdom,16.95,2011,2011-07,True,Sale,Merchandise
260416,559811,22041,"RECORD FRAME 7"" SINGLE SIZE",12,2011-07-12 15:22:00,2.55,13269,United Kingdom,30.599999999999998,2011,2011-07,True,Sale,Merchandise
261430,559862,20724,RED RETROSPOT CHARLOTTE BAG,20,2011-07-13 10:30:00,0.85,12782,Portugal,17.0,2011,2011-07,True,Sale,Merchandise
261442,559863,22435,SET OF 9 HEART SHAPED BALLOONS,4,2011-07-13 10:33:00,1.25,15039,United Kingdom,5.0,2011,2011-07,True,Sale,Merchandise
261769,559887,22116,METAL SIGN HIS DINNER IS SERVED,3,2011-07-13 11:44:00,0.79,13263,United Kingdom,2.37,2011,2011-07,True,Sale,Merchandise
261925,559894,22093,MOTORING TISSUE BOX,2,2011-07-13 12:06:00,0.39,14159,United Kingdom,0.78,2011,2011-07,True,Sale,Merchandise
262024,559896,22303,COFFEE MUG APPLES DESIGN,6,2011-07-13 12:15:00,2.55,15530,United Kingdom,15.299999999999999,2011,2011-07,True,Sale,Merchandise
262814,559923,21206,STRAWBERRY HONEYCOMB  GARLAND,3,2011-07-13 16:07:00,1.63,,United Kingdom,4.89,2011,2011-07,False,Sale,Merchandise
263241,C559952,37448,CERAMIC CAKE DESIGN SPOTTED MUG,-1,2011-07-14 10:57:00,1.49,17696,United Kingdom,-1.49,2011,2011-07,True,Cancellation,Merchandise
264696,560108,47590A,BLUE HAPPY BIRTHDAY BUNTING,3,2011-07-15 08:59:00,5.45,16979,United Kingdom,16.35,2011,2011-07,True,Sale,Merchandise
264915,560145,23014,GLASS APOTHECARY BOTTLE ELIXIR,4,2011-07-15 11:04:00,3.95,13381,United Kingdom,15.8,2011,2011-07,True,Sale,Merchandise
265916,560234,22383,LUNCH BAG SUKI DESIGN,40,2011-07-17 11:21:00,1.65,16180,United Kingdom,66.0,2011,2011-07,True,Sale,Merchandise
266068,560240,21713,CITRONELLA CANDLE FLOWERPOT,4,2011-07-17 11:59:00,2.1,15716,United Kingdom,8.4,2011,2011-07,True,Sale,Merchandise
268406,560415,20979,36 PENCILS TUBE RED RETROSPOT,16,2011-07-18 14:36:00,1.25,15152,United Kingdom,20.0,2011,2011-07,True,Sale,Merchandise
268547,560433,22378,WALL TIDY RETROSPOT,1,2011-07-18 15:49:00,1.63,,United Kingdom,1.63,2011,2011-07,False,Sale,Merchandise
268700,560433,21086,SET/6 RED SPOTTY PAPER CUPS,2,2011-07-18 15:49:00,1.63,,United Kingdom,3.26,2011,2011-07,False,Sale,Merchandise
268780,560434,21328,BALLOONS  WRITING SET,43,2011-07-18 15:56:00,0.83,,United Kingdom,35.69,2011,2011-07,False,Sale,Merchandise
269054,560434,84748,FOLK FELT HANGING MULTICOL GARLAND,1,2011-07-18 15:56:00,2.46,,United Kingdom,2.46,2011,2011-07,False,Sale,Merchandise
269453,560451,23293,SET OF 12 FAIRY CAKE BAKING CASES,16,2011-07-19 09:50:00,0.83,14911,EIRE,13.28,2011,2011-07,True,Sale,Merchandise
270078,C560540,23207,LUNCH BAG ALPHABET DESIGN,-1,2011-07-19 12:26:00,1.65,12415,Australia,-1.65,2011,2011-07,True,Cancellation,Merchandise
270240,560554,47566B,TEA TIME PARTY BUNTING,9,2011-07-19 13:01:00,4.95,16232,United Kingdom,44.550000000000004,2011,2011-07,True,Sale,Merchandise
270597,560577,21165,BEWARE OF THE CAT METAL SIGN,12,2011-07-19 15:07:00,1.69,18223,United Kingdom,20.28,2011,2011-07,True,Sale,Merchandise
270695,560580,23200,JUMBO BAG PEARS,50,2011-07-19 15:23:00,1.79,14088,United Kingdom,89.5,2011,2011-07,True,Sale,Merchandise
271940,560724,21213,PACK OF 72 SKULL CAKE CASES,24,2011-07-20 13:55:00,0.55,16186,United Kingdom,13.200000000000001,2011,2011-07,True,Sale,Merchandise
272313,560772,21975,PACK OF 60 DINOSAUR CAKE CASES,11,2011-07-20 16:12:00,0.55,,United Kingdom,6.050000000000001,2011,2011-07,False,Sale,Merchandise
272415,560772,22610,PENS ASSORTED FUNNY FACE,12,2011-07-20 16:12:00,0.42,,United Kingdom,5.04,2011,2011-07,False,Sale,Merchandise
273124,560780,22077,6 RIBBONS RUSTIC CHARM,1,2011-07-21 09:31:00,4.13,,United Kingdom,4.13,2011,2011-07,False,Sale,Merchandise
273184,560782,23173,REGENCY TEAPOT ROSES,2,2011-07-21 10:10:00,9.95,14769,United Kingdom,19.9,2011,2011-07,True,Sale,Merchandise
273229,560783,23268,SET OF 2 CERAMIC CHRISTMAS REINDEER,12,2011-07-21 10:24:00,1.45,15108,European Community,17.4,2011,2011-07,True,Sale,Merchandise
273365,560828,16161G,WRAP BAD HAIR DAY,50,2011-07-21 11:55:00,0.1,14298,United Kingdom,5.0,2011,2011-07,True,Sale,Merchandise
276286,561037,23287,RED VINTAGE SPOT BEAKER,8,2011-07-24 11:55:00,0.85,12472,Germany,6.8,2011,2011-07,True,Sale,Merchandise
276728,561073,71459,HANGING JAM JAR T-LIGHT HOLDER,96,2011-07-24 15:46:00,0.72,13408,United Kingdom,69.12,2011,2011-07,True,Sale,Merchandise
277188,561094,23199,JUMBO BAG APPLES,10,2011-07-25 10:04:00,2.08,12474,Germany,20.8,2011,2011-07,True,Sale,Merchandise
277237,561097,23012,GLASS APOTHECARY BOTTLE PERFUME,4,2011-07-25 10:47:00,3.95,15981,United Kingdom,15.8,2011,2011-07,True,Sale,Merchandise
277379,561106,21935,SUKI  SHOULDER BAG,10,2011-07-25 11:37:00,1.65,14246,United Kingdom,16.5,2011,2011-07,True,Sale,Merchandise
277393,561109,20685,DOORMAT RED RETROSPOT,10,2011-07-25 11:43:00,6.75,15218,United Kingdom,67.5,2011,2011-07,True,Sale,Merchandise
277811,561195,22630,DOLLY GIRL LUNCH BOX,4,2011-07-25 13:57:00,1.95,14796,United Kingdom,7.8,2011,2011-07,True,Sale,Merchandise
278095,561209,20718,RED RETROSPOT SHOPPER BAG,1,2011-07-25 16:57:00,2.46,,United Kingdom,2.46,2011,2011-07,False,Sale,Merchandise
278748,561217,90013B,BLACK VINTAGE EARRINGS,1,2011-07-25 17:09:00,4.15,,United Kingdom,4.15,2011,2011-07,False,Sale,Merchandise
278761,561218,15036,ASSORTED COLOURS SILK FAN,8,2011-07-25 17:11:00,1.63,,United Kingdom,13.04,2011,2011-07,False,Sale,Merchandise
278954,561220,22972,CHILDREN'S SPACEBOY MUG,12,2011-07-26 09:20:00,1.65,17734,United Kingdom,19.799999999999997,2011,2011-07,True,Sale,Merchandise
279176,561243,23209,LUNCH BAG DOILEY PATTERN,1,2011-07-26 11:24:00,1.65,,United Kingdom,1.65,2011,2011-07,False,Sale,Merchandise
279454,561324,21845,DAIRY MAID STRIPE MUG,36,2011-07-26 13:45:00,0.79,14414,United Kingdom,28.44,2011,2011-07,True,Sale,Merchandise
280268,561388,23229,VINTAGE DONKEY TAIL GAME,36,2011-07-27 09:32:00,3.39,12753,Japan,122.04,2011,2011-07,True,Sale,Merchandise
280419,561398,20726,LUNCH BAG WOODLAND,10,2011-07-27 10:52:00,1.65,16767,United Kingdom,16.5,2011,2011-07,True,Sale,Merchandise
281124,561513,22908,PACK OF 20 NAPKINS RED APPLES,1,2011-07-27 15:12:00,1.63,,United Kingdom,1.63,2011,2011-07,False,Sale,Merchandise
281579,561542,20971,PINK BLUE FELT CRAFT TRINKET BOX,12,2011-07-28 10:09:00,1.25,15105,United Kingdom,15.0,2011,2011-07,True,Sale,Merchandise
281783,561600,23307,SET OF 60 PANTRY DESIGN CAKE CASES,3,2011-07-28 11:29:00,0.55,15861,United Kingdom,1.6500000000000001,2011,2011-07,True,Sale,Merchandise
282191,561627,22077,6 RIBBONS RUSTIC CHARM,12,2011-07-28 14:08:00,1.65,12453,Austria,19.799999999999997,2011,2011-07,True,Sale,Merchandise
282380,561645,22910,PAPER CHAIN KIT VINTAGE CHRISTMAS,200,2011-07-28 15:16:00,2.55,14911,EIRE,509.99999999999994,2011,2011-07,True,Sale,Merchandise
282404,561647,22965,3 TRADITIONAl BISCUIT CUTTERS  SET,48,2011-07-28 15:20:00,1.85,13340,United Kingdom,88.80000000000001,2011,2011-07,True,Sale,Merchandise
282653,561652,84847,,2,2011-07-28 15:50:00,0.0,,United Kingdom,0.0,2011,2011-07,False,ZeroPrice,Merchandise
283195,561698,84755,COLOUR GLASS T-LIGHT HOLDER HANGING,16,2011-07-29 10:21:00,0.65,15974,United Kingdom,10.4,2011,2011-07,True,Sale,Merchandise
283605,561794,23202,JUMBO BAG VINTAGE LEAF,10,2011-07-29 13:11:00,2.08,12921,United Kingdom,20.8,2011,2011-07,True,Sale,Merchandise
284050,561820,23250,VINTAGE RED TRIM ENAMEL BOWL,5,2011-07-29 16:00:00,2.46,,United Kingdom,12.3,2011,2011-07,False,Sale,Merchandise
284237,561868,20723,STRAWBERRY CHARLOTTE BAG,1,2011-07-31 11:26:00,0.85,16813,United Kingdom,0.85,2011,2011-07,True,Sale,Merchandise
285410,561903,48188,DOORMAT WELCOME PUPPIES,2,2011-07-31 16:04:00,7.95,17162,United Kingdom,15.9,2011,2011-07,True,Sale,Merchandise
285732,561922,22537,MAGIC DRAWING SLATE DINOSAUR,1,2011-08-01 12:12:00,0.42,13167,United Kingdom,0.42,2011,2011-08,True,Sale,Merchandise
285793,561925,10080,GROOVY CACTUS INFLATABLE,12,2011-08-01 12:28:00,0.39,16551,United Kingdom,4.68,2011,2011-08,True,Sale,Merchandise
286299,562024,84568,GIRLS ALPHABET IRON ON PATCHES,22,2011-08-01 16:07:00,0.42,,United Kingdom,9.24,2011,2011-08,False,Sale,Merchandise
288448,562161,35471D,SET OF 3 BIRD LIGHT PINK FEATHER,12,2011-08-03 11:58:00,0.39,17841,United Kingdom,4.68,2011,2011-08,True,Sale,Merchandise
289713,562282,23170,REGENCY TEA PLATE ROSES,12,2011-08-04 10:38:00,1.65,13098,United Kingdom,19.799999999999997,2011,2011-08,True,Sale,Merchandise
290755,562417,22960,JAM MAKING SET WITH JARS,1,2011-08-04 16:32:00,8.29,,United Kingdom,8.29,2011,2011-08,False,Sale,Merchandise
290842,562417,21902,"KEY FOB , FRONT  DOOR",1,2011-08-04 16:32:00,1.63,,United Kingdom,1.63,2011,2011-08,False,Sale,Merchandise
291113,562427,22841,ROUND CAKE TIN VINTAGE GREEN,1,2011-08-04 17:19:00,7.95,17267,United Kingdom,7.95,2011,2011-08,True,Sale,Merchandise
291301,562444,82484,WOOD BLACK BOARD ANT WHITE FINISH,2,2011-08-04 18:44:00,7.95,14713,United Kingdom,15.9,2011,2011-08,True,Sale,Merchandise
292766,562560,23183,MOTHER'S KITCHEN SPOON REST,6,2011-08-05 17:12:00,3.75,14156,EIRE,22.5,2011,2011-08,True,Sale,Merchandise
293115,562579,84378,SET OF 3 HEART COOKIE CUTTERS,1,2011-08-07 13:30:00,1.25,16950,United Kingdom,1.25,2011,2011-08,True,Sale,Merchandise
293916,562670,20998,ROSE DU SUD OVEN GLOVE,6,2011-08-08 13:42:00,2.95,14911,EIRE,17.700000000000003,2011,2011-08,True,Sale,Merchandise
294694,562717,22414,DOORMAT NEIGHBOURHOOD WITCH,1,2011-08-08 15:42:00,15.79,,United Kingdom,15.79,2011,2011-08,False,Sale,Merchandise
295666,562807,20724,RED RETROSPOT CHARLOTTE BAG,10,2011-08-09 14:57:00,0.85,16053,United Kingdom,8.5,2011,2011-08,True,Sale,Merchandise
297138,562934,21121,SET/10 RED POLKADOT PARTY CANDLES,1,2011-08-10 16:56:00,2.46,,United Kingdom,2.46,2011,2011-08,False,Sale,Merchandise
297519,562951,21340,CLASSIC METAL BIRDCAGE PLANT HOLDER,1,2011-08-11 09:57:00,12.75,14462,United Kingdom,12.75,2011,2011-08,True,Sale,Merchandise
297624,562955,23028,DRAWER KNOB CRACKLE GLAZE BLUE,2,2011-08-11 10:14:00,4.13,,United Kingdom,8.26,2011,2011-08,False,Sale,Merchandise
298329,563016,22028,PENNY FARTHING BIRTHDAY CARD,12,2011-08-11 12:44:00,0.42,15358,United Kingdom,5.04,2011,2011-08,True,Sale,Merchandise
298393,563018,22219,LOVEBIRD HANGING DECORATION WHITE,12,2011-08-11 12:53:00,0.85,13427,United Kingdom,10.2,2011,2011-08,True,Sale,Merchandise
298522,563022,22695,WICKER WREATH SMALL,1,2011-08-11 13:34:00,1.45,17248,United Kingdom,1.45,2011,2011-08,True,Sale,Merchandise
299464,563100,23199,JUMBO BAG APPLES,10,2011-08-12 09:57:00,2.08,12381,Norway,20.8,2011,2011-08,True,Sale,Merchandise
299885,563178,23028,DRAWER KNOB CRACKLE GLAZE BLUE,6,2011-08-12 14:12:00,1.65,16011,United Kingdom,9.899999999999999,2011,2011-08,True,Sale,Merchandise
300064,563193,21094,SET/6 RED SPOTTY PAPER PLATES,6,2011-08-12 16:30:00,0.83,,United Kingdom,4.9799999999999995,2011,2011-08,False,Sale,Merchandise
300630,C563207,22371,AIRLINE BAG VINTAGE TOKYO 78,-1,2011-08-14 12:10:00,4.25,17613,United Kingdom,-4.25,2011,2011-08,True,Cancellation,Merchandise
300900,563216,22882,NUMBER TILE VINTAGE FONT 3,3,2011-08-14 13:14:00,1.95,17841,United Kingdom,5.85,2011,2011-08,True,Sale,Merchandise
300953,C563225,D,Discount,-1,2011-08-14 14:35:00,434.51,14911,EIRE,-434.51,2011,2011-08,True,Cancellation,Discount
301418,563262,21424,WOODLAND STORAGE BOX LARGE,1,2011-08-15 12:44:00,2.95,15311,United Kingdom,2.95,2011,2011-08,True,Sale,Merchandise
301421,563262,22406,MONEY BOX KINGS CHOICE DESIGN,6,2011-08-15 12:44:00,1.25,15311,United Kingdom,7.5,2011,2011-08,True,Sale,Merchandise
302066,563374,15036,ASSORTED COLOURS SILK FAN,12,2011-08-16 10:03:00,0.83,13953,United Kingdom,9.959999999999999,2011,2011-08,True,Sale,Merchandise
302209,563384,84970S,HANGING HEART ZINC T-LIGHT HOLDER,12,2011-08-16 10:52:00,0.85,17315,United Kingdom,10.2,2011,2011-08,True,Sale,Merchandise
303863,563556,85099C,JUMBO  BAG BAROQUE BLACK WHITE,10,2011-08-17 13:31:00,2.08,17706,United Kingdom,20.8,2011,2011-08,True,Sale,Merchandise
305111,563638,22315,200 RED + WHITE BENDY STRAWS,96,2011-08-18 10:36:00,1.06,15311,United Kingdom,101.76,2011,2011-08,True,Sale,Merchandise
305584,563699,23298,SPOTTY BUNTING,6,2011-08-18 13:47:00,4.95,13381,United Kingdom,29.700000000000003,2011,2011-08,True,Sale,Merchandise
306814,563845,22910,PAPER CHAIN KIT VINTAGE CHRISTMAS,6,2011-08-19 14:39:00,2.95,12991,United Kingdom,17.700000000000003,2011,2011-08,True,Sale,Merchandise
306827,563846,22729,ALARM CLOCK BAKELIKE ORANGE,18,2011-08-19 14:43:00,3.75,16672,United Kingdom,67.5,2011,2011-08,True,Sale,Merchandise
306843,563848,84949,SILVER HANGING T-LIGHT HOLDER,6,2011-08-19 14:57:00,1.65,14911,EIRE,9.899999999999999,2011,2011-08,True,Sale,Merchandise
307735,563926,85099B,JUMBO BAG RED RETROSPOT,10,2011-08-21 14:42:00,2.08,12553,France,20.8,2011,2011-08,True,Sale,Merchandise
308102,563937,21174,POTTERING IN THE SHED METAL SIGN,12,2011-08-22 09:10:00,2.08,18204,United Kingdom,24.96,2011,2011-08,True,Sale,Merchandise
308711,564049,47574A,ENGLISH ROSE SCENTED HANGING FLOWER,2,2011-08-22 13:30:00,0.75,17585,United Kingdom,1.5,2011,2011-08,True,Sale,Merchandise
311285,564246,23199,JUMBO BAG APPLES,10,2011-08-24 10:36:00,2.08,13534,United Kingdom,20.8,2011,2011-08,True,Sale,Merchandise
312256,564346,22099,CARAVAN SQUARE TISSUE BOX,6,2011-08-24 14:54:00,0.39,15727,United Kingdom,2.34,2011,2011-08,True,Sale,Merchandise
312569,564356,23204,CHARLOTTE BAG APPLES DESIGN,3,2011-08-24 15:47:00,0.85,13969,United Kingdom,2.55,2011,2011-08,True,Sale,Merchandise
312627,564359,22993,SET OF 4 PANTRY JELLY MOULDS,2,2011-08-24 16:02:00,1.25,14056,United Kingdom,2.5,2011,2011-08,True,Sale,Merchandise
312782,564372,20749,ASSORTED COLOUR MINI CASES,4,2011-08-25 09:55:00,7.95,12714,France,31.8,2011,2011-08,True,Sale,Merchandise
312834,564374,21755,LOVE BUILDING BLOCK WORD,3,2011-08-25 10:00:00,5.95,16589,United Kingdom,17.85,2011,2011-08,True,Sale,Merchandise
313561,564516,21931,JUMBO STORAGE BAG SUKI,1,2011-08-25 14:45:00,4.13,,United Kingdom,4.13,2011,2011-08,False,Sale,Merchandise
314661,564647,84580,MOUSE TOY WITH PINK T-SHIRT,3,2011-08-26 13:56:00,3.75,17920,United Kingdom,11.25,2011,2011-08,True,Sale,Merchandise
315556,564731,22904,CALENDAR PAPER CUT DESIGN,12,2011-08-28 12:57:00,2.95,16186,United Kingdom,35.400000000000006,2011,2011-08,True,Sale,Merchandise
315577,564732,85123A,WHITE HANGING HEART T-LIGHT HOLDER,6,2011-08-28 13:08:00,2.95,16466,United Kingdom,17.700000000000003,2011,2011-08,True,Sale,Merchandise
315746,564734,17091J,VANILLA INCENSE IN TIN,6,2011-08-28 13:32:00,0.38,12484,Spain,2.2800000000000002,2011,2011-08,True,Sale,Merchandise
315988,564742,23334,IVORY WICKER HEART SMALL,2,2011-08-28 15:01:00,0.63,17346,United Kingdom,1.26,2011,2011-08,True,Sale,Merchandise
316071,564745,22883,NUMBER TILE VINTAGE FONT 4,2,2011-08-28 15:27:00,1.95,16806,United Kingdom,3.9,2011,2011-08,True,Sale,Merchandise
316179,564749,22727,ALARM CLOCK BAKELIKE RED,4,2011-08-30 08:15:00,3.75,12708,Germany,15.0,2011,2011-08,True,Sale,Merchandise
316658,564755,23014,GLASS APOTHECARY BOTTLE ELIXIR,1,2011-08-30 10:31:00,8.29,,United Kingdom,8.29,2011,2011-08,False,Sale,Merchandise
316680,564755,23300,GARDENERS KNEELING PAD CUP OF TEA,1,2011-08-30 10:31:00,3.29,,United Kingdom,3.29,2011,2011-08,False,Sale,Merchandise
316682,564755,23308,SET OF 60 VINTAGE LEAF CAKE CASES,1,2011-08-30 10:31:00,1.25,,United Kingdom,1.25,2011,2011-08,False,Sale,Merchandise
317092,564757,21314,SMALL GLASS HEART TRINKET POT,2,2011-08-30 10:36:00,4.13,,United Kingdom,8.26,2011,2011-08,False,Sale,Merchandise
317206,564758,22781,GUMBALL MAGAZINE RACK,1,2011-08-30 10:39:00,14.96,,United Kingdom,14.96,2011,2011-08,False,Sale,Merchandise
317761,564817,22413,METAL SIGN TAKE IT OR LEAVE IT,1,2011-08-30 12:02:00,5.79,,United Kingdom,5.79,2011,2011-08,False,Sale,Merchandise
319925,564943,22173,METAL 4 HOOK HANGER FRENCH CHATEAU,6,2011-08-31 13:23:00,2.95,17706,United Kingdom,17.700000000000003,2011,2011-08,True,Sale,Merchandise
319976,C564952,20724,RED RETROSPOT CHARLOTTE BAG,-1,2011-08-31 13:36:00,0.85,14188,United Kingdom,-0.85,2011,2011-08,True,Cancellation,Merchandise
320183,564972,23373,VINTAGE CHRISTMAS PAPER GIFT BAG,10,2011-08-31 15:30:00,0.82,12621,Germany,8.2,2011,2011-08,True,Sale,Merchandise
320475,564975,21217,RED RETROSPOT ROUND CAKE TINS,1,2011-08-31 15:35:00,9.95,17097,Spain,9.95,2011,2011-08,True,Sale,Merchandise
320854,565116,22867,HAND WARMER BIRD DESIGN,96,2011-09-01 11:30:00,1.85,13089,United Kingdom,177.60000000000002,2011,2011-09,True,Sale,Merchandise
320970,565118,21430,SET/3 RED GINGHAM ROSE STORAGE BOX,24,2011-09-01 11:33:00,3.39,15039,United Kingdom,81.36,2011,2011-09,True,Sale,Merchandise
322207,565231,21786,POLKADOT RAIN HAT,1,2011-09-02 09:26:00,0.83,,United Kingdom,0.83,2011,2011-09,False,Sale,Merchandise
323242,565261,20682,RED RETROSPOT CHILDRENS UMBRELLA,12,2011-09-02 10:53:00,3.25,12474,Germany,39.0,2011,2011-09,True,Sale,Merchandise
323633,565324,22727,ALARM CLOCK BAKELIKE RED,1,2011-09-02 13:18:00,3.75,13232,United Kingdom,3.75,2011,2011-09,True,Sale,Merchandise
324460,565401,21407,BROWN CHECK CAT DOORSTOP,1,2011-09-02 17:38:00,4.25,16686,United Kingdom,4.25,2011,2011-09,True,Sale,Merchandise
325253,565434,22960,JAM MAKING SET WITH JARS,3,2011-09-04 13:35:00,4.25,12867,United Kingdom,12.75,2011,2011-09,True,Sale,Merchandise
326771,565593,23356,LOVE HOT WATER BOTTLE,3,2011-09-05 14:07:00,5.95,17612,United Kingdom,17.85,2011,2011-09,True,Sale,Merchandise
326909,565612,22548,HEADS AND TAILS SPORTING FUN,12,2011-09-05 15:17:00,1.25,12616,France,15.0,2011,2011-09,True,Sale,Merchandise
327273,565648,85124C,GREEN JUICY FRUIT PHOTO FRAME,1,2011-09-05 16:22:00,2.55,18196,United Kingdom,2.55,2011,2011-09,True,Sale,Merchandise
327277,565648,23373,VINTAGE CHRISTMAS PAPER GIFT BAG,5,2011-09-05 16:22:00,0.82,18196,United Kingdom,4.1,2011,2011-09,True,Sale,Merchandise
327361,565664,22436,12 COLOURED PARTY BALLOONS,9,2011-09-05 17:36:00,0.65,13211,United Kingdom,5.8500000000000005,2011,2011-09,True,Sale,Merchandise
327911,565734,23241,TREASURE TIN GYMKHANA DESIGN,6,2011-09-06 12:15:00,2.08,17191,United Kingdom,12.48,2011,2011-09,True,Sale,Merchandise
328674,565800,22577,WOODEN HEART CHRISTMAS SCANDINAVIAN,12,2011-09-07 10:23:00,0.85,14911,EIRE,10.2,2011,2011-09,True,Sale,Merchandise
329169,565840,23196,VINTAGE LEAF MAGNETIC NOTEPAD,3,2011-09-07 12:02:00,1.45,,United Kingdom,4.35,2011,2011-09,False,Sale,Merchandise
329622,565847,84969,BOX OF 6 ASSORTED COLOUR TEASPOONS,1,2011-09-07 12:44:00,8.29,,United Kingdom,8.29,2011,2011-09,False,Sale,Merchandise
330514,565919,22621,TRADITIONAL KNITTING NANCY,2,2011-09-07 16:48:00,3.29,,United Kingdom,6.58,2011,2011-09,False,Sale,Merchandise
330800,565927,23198,PANTRY MAGNETIC  SHOPPING LIST,12,2011-09-08 10:08:00,1.45,,EIRE,17.4,2011,2011-09,False,Sale,Merchandise
331602,566020,22838,3 TIER CAKE TIN RED AND CREAM,2,2011-09-08 12:47:00,14.95,13925,United Kingdom,29.9,2011,2011-09,True,Sale,Merchandise
332003,566053,22960,JAM MAKING SET WITH JARS,3,2011-09-08 14:57:00,4.25,14410,United Kingdom,12.75,2011,2011-09,True,Sale,Merchandise
332343,566060,23012,GLASS APOTHECARY BOTTLE PERFUME,1,2011-09-08 15:27:00,8.29,,United Kingdom,8.29,2011,2011-09,False,Sale,Merchandise
333179,566186,21945,STRAWBERRIES  DESIGN FLANNEL,12,2011-09-09 13:02:00,0.85,16603,United Kingdom,10.2,2011,2011-09,True,Sale,Merchandise
333977,566221,90200B,BLACK SWEETHEART BRACELET,1,2011-09-09 16:13:00,4.15,,United Kingdom,4.15,2011,2011-09,False,Sale,Merchandise
334675,566264,22997,TRAVEL CARD WALLET UNION JACK,8,2011-09-11 13:07:00,0.42,14606,United Kingdom,3.36,2011,2011-09,True,Sale,Merchandise
334985,566274,22867,HAND WARMER BIRD DESIGN,5,2011-09-11 13:58:00,2.1,13884,United Kingdom,10.5,2011,2011-09,True,Sale,Merchandise
335406,566285,22178,VICTORIAN GLASS HANGING T-LIGHT,6,2011-09-11 14:51:00,1.95,13611,United Kingdom,11.7,2011,2011-09,True,Sale,Merchandise
336113,566304,23272,TREE T-LIGHT HOLDER WILLIE WINKIE,12,2011-09-12 09:03:00,1.65,18158,United Kingdom,19.799999999999997,2011,2011-09,True,Sale,Merchandise
336207,566308,21790,VINTAGE SNAP CARDS,12,2011-09-12 09:38:00,0.85,15865,United Kingdom,10.2,2011,2011-09,True,Sale,Merchandise
337060,566427,15039,SANDALWOOD FAN,1,2011-09-12 14:24:00,0.85,17433,United Kingdom,0.85,2011,2011-09,True,Sale,Merchandise
338045,566495,23391,I LOVE LONDON MINI BACKPACK,2,2011-09-13 11:14:00,4.15,15529,United Kingdom,8.3,2011,2011-09,True,Sale,Merchandise
339110,566580,22417,PACK OF 60 SPACEBOY CAKE CASES,24,2011-09-13 13:46:00,0.55,12822,United Kingdom,13.200000000000001,2011,2011-09,True,Sale,Merchandise
339487,566597,22730,ALARM CLOCK BAKELIKE IVORY,8,2011-09-13 15:23:00,3.75,14194,United Kingdom,30.0,2011,2011-09,True,Sale,Merchandise
339635,566601,22371,AIRLINE BAG VINTAGE TOKYO 78,1,2011-09-13 15:57:00,4.25,16469,United Kingdom,4.25,2011,2011-09,True,Sale,Merchandise
340196,566612,23312,VINTAGE CHRISTMAS GIFT SACK,6,2011-09-13 17:16:00,4.15,16229,United Kingdom,24.900000000000002,2011,2011-09,True,Sale,Merchandise
340653,566708,22738,RIBBON REEL SNOWY VILLAGE,120,2011-09-14 11:55:00,1.45,13078,United Kingdom,174.0,2011,2011-09,True,Sale,Merchandise
341548,566757,21935,SUKI  SHOULDER BAG,3,2011-09-14 15:54:00,1.63,,United Kingdom,4.89,2011,2011-09,False,Sale,Merchandise
341828,566786,22411,JUMBO SHOPPER VINTAGE RED PAISLEY,10,2011-09-15 10:29:00,2.08,13518,United Kingdom,20.8,2011,2011-09,True,Sale,Merchandise
341910,566787,21948,SET OF 6 CAKE CHOPSTICKS,3,2011-09-15 10:31:00,2.46,,United Kingdom,7.38,2011,2011-09,False,Sale,Merchandise
343151,566936,21955,DOORMAT UNION JACK GUNS AND ROSES,100,2011-09-15 15:35:00,4.58,18102,United Kingdom,458.0,2011,2011-09,True,Sale,Merchandise
343852,566973,22086,PAPER CHAIN KIT 50'S CHRISTMAS,6,2011-09-16 09:21:00,2.95,15152,United Kingdom,17.700000000000003,2011,2011-09,True,Sale,Merchandise
344080,566981,22411,JUMBO SHOPPER VINTAGE RED PAISLEY,10,2011-09-16 10:02:00,2.08,15498,United Kingdom,20.8,2011,2011-09,True,Sale,Merchandise
344169,566985,20718,RED RETROSPOT SHOPPER BAG,2,2011-09-16 10:42:00,3.29,,United Kingdom,6.58,2011,2011-09,False,Sale,Merchandise
344954,567128,22968,ROSE COTTAGE KEEPSAKE BOX,2,2011-09-16 14:04:00,9.95,18055,United Kingdom,19.9,2011,2011-09,True,Sale,Merchandise
345448,567165,22870,NUMBER TILE COTTAGE GARDEN 2,1,2011-09-18 11:58:00,1.95,17841,United Kingdom,1.95,2011,2011-09,True,Sale,Merchandise
345755,567178,22845,VINTAGE CREAM CAT FOOD CONTAINER,2,2011-09-18 14:08:00,6.35,17858,United Kingdom,12.7,2011,2011-09,True,Sale,Merchandise
347998,567368,22468,BABUSHKA LIGHTS STRING OF 10,2,2011-09-20 08:23:00,6.75,17147,United Kingdom,13.5,2011,2011-09,True,Sale,Merchandise
348967,567474,79321,CHILLI LIGHTS,4,2011-09-20 12:53:00,5.75,13448,United Kingdom,23.0,2011,2011-09,True,Sale,Merchandise
349207,567482,22406,MONEY BOX KINGS CHOICE DESIGN,1,2011-09-20 13:42:00,1.25,16464,United Kingdom,1.25,2011,2011-09,True,Sale,Merchandise
349290,567485,22142,CHRISTMAS CRAFT WHITE FAIRY,3,2011-09-20 13:52:00,1.45,15026,United Kingdom,4.35,2011,2011-09,True,Sale,Merchandise
349450,567507,21430,SET/3 RED GINGHAM ROSE STORAGE BOX,5,2011-09-20 14:46:00,7.46,,United Kingdom,37.3,2011,2011-09,False,Sale,Merchandise
349749,567526,20713,JUMBO BAG OWLS,100,2011-09-21 09:06:00,1.79,12435,Denmark,179.0,2011,2011-09,True,Sale,Merchandise
349996,567580,85017B,ENVELOPE 50 BLOSSOM IMAGES,36,2011-09-21 11:10:00,0.42,16493,United Kingdom,15.12,2011,2011-09,True,Sale,Merchandise
350148,567613,15060B,FAIRY CAKE DESIGN UMBRELLA,4,2011-09-21 11:49:00,3.75,13908,United Kingdom,15.0,2011,2011-09,True,Sale,Merchandise
351069,567661,22905,CALENDAR IN SEASON DESIGN,2,2011-09-21 15:06:00,2.95,13959,United Kingdom,5.9,2011,2011-09,True,Sale,Merchandise
351189,567662,23389,SPACEBOY MINI BACKPACK,2,2011-09-21 15:12:00,4.15,17758,United Kingdom,8.3,2011,2011-09,True,Sale,Merchandise
351237,567665,21381,MINI WOODEN HAPPY BIRTHDAY GARLAND,1,2011-09-21 15:22:00,1.63,,United Kingdom,1.63,2011,2011-09,False,Sale,Merchandise
352155,567671,22165,"DIAMANTE HEART SHAPED WALL MIRROR,",2,2011-09-21 15:34:00,10.79,,United Kingdom,21.58,2011,2011-09,False,Sale,Merchandise
353707,567819,22551,PLASTERS IN TIN SPACEBOY,12,2011-09-22 12:42:00,1.65,14004,United Kingdom,19.799999999999997,2011,2011-09,True,Sale,Merchandise
355047,C567902,20982,12 PENCILS TALL TUBE SKULLS,-1,2011-09-22 16:29:00,0.85,15555,United Kingdom,-0.85,2011,2011-09,True,Cancellation,Merchandise
355802,567972,23399,HOME SWEET HOME HANGING HEART,24,2011-09-23 10:14:00,0.85,13949,United Kingdom,20.4,2011,2011-09,True,Sale,Merchandise
356015,567981,21239,PINK  POLKADOT CUP,4,2011-09-23 11:22:00,1.63,,United Kingdom,6.52,2011,2011-09,False,Sale,Merchandise
356125,568044,22365,DOORMAT RESPECTABLE HOUSE,2,2011-09-23 12:10:00,8.25,15763,United Kingdom,16.5,2011,2011-09,True,Sale,Merchandise
357984,568134,21204,DAISIES  HONEYCOMB GARLAND,2,2011-09-23 17:02:00,3.29,,United Kingdom,6.58,2011,2011-09,False,Sale,Merchandise
358330,568142,21164,HOME SWEET HOME METAL SIGN,2,2011-09-25 11:22:00,2.95,16744,United Kingdom,5.9,2011,2011-09,True,Sale,Merchandise
359129,568176,23388,WOODLAND MINI BACKPACK,4,2011-09-25 13:25:00,4.15,12685,France,16.6,2011,2011-09,True,Sale,Merchandise
359933,568203,23407,SET OF 2 TRAYS HOME SWEET HOME,4,2011-09-25 15:15:00,9.95,13435,United Kingdom,39.8,2011,2011-09,True,Sale,Merchandise
360337,568223,21563,RED HEART SHAPE LOVE BUCKET,12,2011-09-26 10:16:00,2.95,12412,Denmark,35.400000000000006,2011,2011-09,True,Sale,Merchandise
360741,568310,22423,REGENCY CAKESTAND 3 TIER,4,2011-09-26 12:48:00,12.75,14911,EIRE,51.0,2011,2011-09,True,Sale,Merchandise
361451,568346,22726,ALARM CLOCK BAKELIKE GREEN,4,2011-09-26 15:28:00,7.46,14096,United Kingdom,29.84,2011,2011-09,True,Sale,Merchandise
361842,568387,21428,SET3 BOOK BOX GREEN GINGHAM FLOWER,4,2011-09-27 10:04:00,4.25,13704,United Kingdom,17.0,2011,2011-09,True,Sale,Merchandise
362601,568510,23334,IVORY WICKER HEART SMALL,50,2011-09-27 12:26:00,0.63,13555,United Kingdom,31.5,2011,2011-09,True,Sale,Merchandise
363674,568568,22049,WRAP CHRISTMAS SCREEN PRINT,25,2011-09-28 08:48:00,0.19,14412,United Kingdom,4.75,2011,2011-09,True,Sale,Merchandise
364386,568657,23356,LOVE HOT WATER BOTTLE,1,2011-09-28 12:22:00,5.95,16460,United Kingdom,5.95,2011,2011-09,True,Sale,Merchandise
364705,568670,48129,DOORMAT TOPIARY,2,2011-09-28 13:07:00,8.25,14978,United Kingdom,16.5,2011,2011-09,True,Sale,Merchandise
365303,568703,22916,HERB MARKER THYME,6,2011-09-28 15:21:00,0.65,12748,United Kingdom,3.9000000000000004,2011,2011-09,True,Sale,Merchandise
365450,568708,23390,DOLLY GIRL MINI BACKPACK,4,2011-09-28 15:41:00,4.15,12393,Australia,16.6,2011,2011-09,True,Sale,Merchandise
366278,568721,21563,RED HEART SHAPE LOVE BUCKET,4,2011-09-28 16:24:00,5.79,,United Kingdom,23.16,2011,2011-09,False,Sale,Merchandise
367875,568910,23333,IVORY WICKER HEART MEDIUM,12,2011-09-29 13:39:00,1.25,16574,United Kingdom,15.0,2011,2011-09,True,Sale,Merchandise
368311,568949,22379,RECYCLING BAG RETROSPOT,1,2011-09-29 15:13:00,4.13,,United Kingdom,4.13,2011,2011-09,False,Sale,Merchandise
370168,569129,84950,ASSORTED COLOUR T-LIGHT HOLDER,12,2011-09-30 13:40:00,0.65,15034,United Kingdom,7.800000000000001,2011,2011-09,True,Sale,Merchandise
370920,569202,22418,10 COLOUR SPACEBOY PEN,1,2011-09-30 17:22:00,1.63,,United Kingdom,1.63,2011,2011-09,False,Sale,Merchandise
371006,569207,22845,VINTAGE CREAM CAT FOOD CONTAINER,1,2011-10-02 11:04:00,6.35,17811,United Kingdom,6.35,2011,2011-10,True,Sale,Merchandise
371269,569216,23002,TRAVEL CARD WALLET SKULLS,5,2011-10-02 12:41:00,0.42,15555,United Kingdom,2.1,2011,2011-10,True,Sale,Merchandise
371630,569223,23082,SET 6 PAPER TABLE LANTERN HEARTS,4,2011-10-02 13:49:00,3.75,16283,United Kingdom,15.0,2011,2011-10,True,Sale,Merchandise
371702,569223,23281,FOLDING BUTTERFLY MIRROR RED,4,2011-10-02 13:49:00,0.83,16283,United Kingdom,3.32,2011,2011-10,True,Sale,Merchandise
372892,569252,23108,SET OF 10 LED DOLLY LIGHTS,8,2011-10-03 10:38:00,6.25,14333,United Kingdom,50.0,2011,2011-10,True,Sale,Merchandise
372935,569253,84879,ASSORTED COLOUR BIRD ORNAMENT,16,2011-10-03 10:55:00,1.69,13635,United Kingdom,27.04,2011,2011-10,True,Sale,Merchandise
372981,569254,84991,60 TEATIME FAIRY CAKE CASES,2,2011-10-03 11:00:00,0.55,18116,United Kingdom,1.1,2011,2011-10,True,Sale,Merchandise
374585,569383,23296,SET OF 6 TEA TIME BAKING CASES,16,2011-10-03 16:46:00,1.25,15159,United Kingdom,20.0,2011,2011-10,True,Sale,Merchandise
376218,569518,22114,HOT WATER BOTTLE TEA AND SYMPATHY,1,2011-10-04 14:28:00,4.25,13263,United Kingdom,4.25,2011,2011-10,True,Sale,Merchandise
376513,569524,23511,EMBROIDERED RIBBON REEL EMILY,2,2011-10-04 14:42:00,2.08,14506,United Kingdom,4.16,2011,2011-10,True,Sale,Merchandise
376832,569535,23412,HEART MIRROR ANTIQUE WHITE,2,2011-10-04 15:41:00,7.5,15044,United Kingdom,15.0,2011,2011-10,True,Sale,Merchandise
377332,569545,22457,NATURAL SLATE HEART CHALKBOARD,1,2011-10-04 16:37:00,5.79,,United Kingdom,5.79,2011,2011-10,False,Sale,Merchandise
377533,569555,21672,WHITE SPOT RED CERAMIC DRAWER KNOB,12,2011-10-05 08:17:00,1.45,17728,United Kingdom,17.4,2011,2011-10,True,Sale,Merchandise
378178,569635,22230,JIGSAW TREE WITH WATERING CAN,20,2011-10-05 12:13:00,0.29,12748,United Kingdom,5.8,2011,2011-10,True,Sale,Merchandise
379185,569677,23103,JINGLE BELL HEART DECORATION,24,2011-10-05 14:14:00,1.65,15106,United Kingdom,39.599999999999994,2011,2011-10,True,Sale,Merchandise
379510,569695,22578,WOODEN STAR CHRISTMAS SCANDINAVIAN,48,2011-10-05 15:35:00,0.29,16843,United Kingdom,13.919999999999998,2011,2011-10,True,Sale,Merchandise
379648,569700,22666,RECIPE BOX PANTRY YELLOW DESIGN,1,2011-10-05 15:56:00,5.79,,United Kingdom,5.79,2011,2011-10,False,Sale,Merchandise
380156,569734,23318,BOX OF 6 MINI VINTAGE CRACKERS,6,2011-10-06 10:31:00,2.49,14538,United Kingdom,14.940000000000001,2011,2011-10,True,Sale,Merchandise
380710,569832,21803,CHRISTMAS TREE STAR DECORATION,36,2011-10-06 12:51:00,0.42,15315,United Kingdom,15.12,2011,2011-10,True,Sale,Merchandise
381102,569846,23000,TRAVEL CARD WALLET TRANSPORT,24,2011-10-06 13:42:00,0.42,13422,United Kingdom,10.08,2011,2011-10,True,Sale,Merchandise
381355,569861,23236,STORAGE TIN VINTAGE DOILY,6,2011-10-06 14:37:00,2.89,13816,Germany,17.34,2011,2011-10,True,Sale,Merchandise
382370,569899,22581,WOOD STOCKING CHRISTMAS SCANDISPOT,12,2011-10-06 16:15:00,0.85,13940,United Kingdom,10.2,2011,2011-10,True,Sale,Merchandise
382841,569965,21259,VICTORIAN SEWING BOX SMALL,2,2011-10-06 18:47:00,5.95,18109,United Kingdom,11.9,2011,2011-10,True,Sale,Merchandise
382848,C569966,22891,TEA FOR ONE POLKADOT,-2,2011-10-06 18:51:00,4.25,13279,United Kingdom,-8.5,2011,2011-10,True,Cancellation,Merchandise
383146,570000,22890,NOVELTY BISCUITS CAKE STAND 3 TIER,2,2011-10-07 08:55:00,9.95,12420,Cyprus,19.9,2011,2011-10,True,Sale,Merchandise
383810,570088,22381,TOY TIDY PINK POLKADOT,1,2011-10-07 11:32:00,2.1,16764,United Kingdom,2.1,2011,2011-10,True,Sale,Merchandise
384145,570103,20992,JAZZ HEARTS PURSE NOTEBOOK,3,2011-10-07 12:18:00,0.39,15719,United Kingdom,1.17,2011,2011-10,True,Sale,Merchandise
385296,570192,22142,CHRISTMAS CRAFT WHITE FAIRY,12,2011-10-07 15:26:00,1.45,17509,United Kingdom,17.4,2011,2011-10,True,Sale,Merchandise
386168,570228,23397,FOOT STOOL HOME SWEET HOME,1,2011-10-09 13:28:00,9.95,15821,United Kingdom,9.95,2011,2011-10,True,Sale,Merchandise
387090,570258,48194,DOORMAT HEARTS,2,2011-10-10 09:56:00,14.13,,United Kingdom,28.26,2011,2011-10,False,Sale,Merchandise
387120,570258,21078,SET/20 STRAWBERRY PAPER NAPKINS,2,2011-10-10 09:56:00,2.46,,United Kingdom,4.92,2011,2011-10,False,Sale,Merchandise
387129,570258,21166,COOK WITH WINE METAL SIGN,1,2011-10-10 09:56:00,4.13,,United Kingdom,4.13,2011,2011-10,False,Sale,Merchandise
387346,570284,23203,JUMBO BAG VINTAGE DOILY,3,2011-10-10 11:30:00,2.08,14419,United Kingdom,6.24,2011,2011-10,True,Sale,Merchandise
387365,570285,23296,SET OF 6 TEA TIME BAKING CASES,8,2011-10-10 11:32:00,1.25,16637,United Kingdom,10.0,2011,2011-10,True,Sale,Merchandise
387818,570388,23399,HOME SWEET HOME HANGING HEART,12,2011-10-10 12:37:00,0.85,14911,EIRE,10.2,2011,2011-10,True,Sale,Merchandise
389150,570465,22599,CHRISTMAS MUSICAL ZINC STAR,4,2011-10-10 16:02:00,0.83,,United Kingdom,3.32,2011,2011-10,False,Sale,Merchandise
389310,570466,22800,ANTIQUE TALL SWIRLGLASS TRINKET POT,2,2011-10-10 16:03:00,3.75,16791,United Kingdom,7.5,2011,2011-10,True,Sale,Merchandise
390231,570501,22384,LUNCH BAG PINK POLKADOT,10,2011-10-11 09:23:00,1.65,14857,United Kingdom,16.5,2011,2011-10,True,Sale,Merchandise
390821,570598,23273,HEART T-LIGHT HOLDER WILLIE WINKIE,12,2011-10-11 11:55:00,1.65,14175,United Kingdom,19.799999999999997,2011,2011-10,True,Sale,Merchandise
391318,570668,82482,WOODEN PICTURE FRAME WHITE FINISH,6,2011-10-11 14:34:00,2.95,17837,United Kingdom,17.700000000000003,2011,2011-10,True,Sale,Merchandise
391435,570672,22133,PINK LOVE HEART SHAPE CUP,12,2011-10-11 14:52:00,0.85,12536,France,10.2,2011,2011-10,True,Sale,Merchandise
392029,570688,22591,CARDHOLDER GINGHAM CHRISTMAS TREE,1,2011-10-11 16:29:00,6.63,,United Kingdom,6.63,2011,2011-10,False,Sale,Merchandise
392458,570693,22866,HAND WARMER SCOTTY DOG DESIGN,6,2011-10-11 16:50:00,2.1,16161,United Kingdom,12.600000000000001,2011,2011-10,True,Sale,Merchandise
392866,570721,23472,NINE DRAWER OFFICE TIDY,1,2011-10-12 10:51:00,14.95,13842,United Kingdom,14.95,2011,2011-10,True,Sale,Merchandise
394261,570871,23284,DOORMAT KEEP CALM AND COME IN,1,2011-10-12 16:36:00,16.63,,United Kingdom,16.63,2011,2011-10,False,Sale,Merchandise
394785,570883,23373,VINTAGE CHRISTMAS PAPER GIFT BAG,10,2011-10-13 09:55:00,0.82,13477,United Kingdom,8.2,2011,2011-10,True,Sale,Merchandise
395486,571035,22138,BAKING SET 9 PIECE RETROSPOT,3,2011-10-13 12:50:00,4.95,12446,RSA,14.850000000000001,2011,2011-10,True,Sale,Merchandise
395556,571036,22581,WOOD STOCKING CHRISTMAS SCANDISPOT,12,2011-10-13 12:52:00,0.85,17567,United Kingdom,10.2,2011,2011-10,True,Sale,Merchandise
395910,571046,22629,SPACEBOY LUNCH BOX,2,2011-10-13 13:35:00,1.95,18096,United Kingdom,3.9,2011,2011-10,True,Sale,Merchandise
396012,571054,21808,"CHRISTMAS GARLAND STARS,TREES",1,2011-10-13 13:58:00,3.75,14234,United Kingdom,3.75,2011,2011-10,True,Sale,Merchandise
397293,571158,22994,TRAVEL CARD WALLET RETROSPOT,2,2011-10-14 10:25:00,0.42,14606,United Kingdom,0.84,2011,2011-10,True,Sale,Merchandise
397590,571189,23350,ROLL WRAP VINTAGE SPOT,12,2011-10-14 11:42:00,1.25,13213,United Kingdom,15.0,2011,2011-10,True,Sale,Merchandise
397687,571197,22575,METAL MERRY CHRISTMAS WREATH,6,2011-10-14 12:08:00,1.95,16413,United Kingdom,11.7,2011,2011-10,True,Sale,Merchandise
397975,571215,22175,PINK OWL SOFT TOY,6,2011-10-14 12:57:00,2.95,13810,Germany,17.700000000000003,2011,2011-10,True,Sale,Merchandise
398410,571241,21327,SKULLS WRITING SET,1,2011-10-14 14:58:00,1.65,14592,United Kingdom,1.65,2011,2011-10,True,Sale,Merchandise
398814,571257,22755,SMALL PURPLE BABUSHKA NOTEBOOK,1,2011-10-14 17:17:00,1.63,,United Kingdom,1.63,2011,2011-10,False,Sale,Merchandise
398971,571266,22720,SET OF 3 CAKE TINS PANTRY DESIGN,3,2011-10-16 11:41:00,4.95,17769,United Kingdom,14.850000000000001,2011,2011-10,True,Sale,Merchandise
399057,571270,22895,SET OF 2 TEA TOWELS APPLE AND PEARS,2,2011-10-16 12:09:00,3.25,12940,United Kingdom,6.5,2011,2011-10,True,Sale,Merchandise
399183,571273,35970,ZINC FOLKART SLEIGH BELLS,12,2011-10-16 12:21:00,1.69,13034,United Kingdom,20.28,2011,2011-10,True,Sale,Merchandise
399413,571280,23371,SET 36 COLOUR PENCILS SPACEBOY,4,2011-10-16 13:08:00,1.25,18122,United Kingdom,5.0,2011,2011-10,True,Sale,Merchandise
399655,571283,82567,"AIRLINE LOUNGE,METAL SIGN",1,2011-10-16 13:51:00,2.1,16533,United Kingdom,2.1,2011,2011-10,True,Sale,Merchandise
400112,571296,22966,GINGERBREAD MAN COOKIE CUTTER,4,2011-10-16 16:13:00,1.25,13760,United Kingdom,5.0,2011,2011-10,True,Sale,Merchandise
400506,571315,82494L,WOODEN FRAME ANTIQUE WHITE,18,2011-10-17 10:47:00,2.95,16542,United Kingdom,53.1,2011,2011-10,True,Sale,Merchandise
400661,571328,84913B,MINT GREEN ROSE TOWEL,4,2011-10-17 11:27:00,4.65,12473,Germany,18.6,2011,2011-10,True,Sale,Merchandise
401398,571439,23517,EMBROIDERED RIBBON REEL REBECCA,12,2011-10-17 13:25:00,2.89,17206,United Kingdom,34.68,2011,2011-10,True,Sale,Merchandise
401841,571442,22696,WICKER WREATH LARGE,4,2011-10-17 13:39:00,1.95,17049,United Kingdom,7.8,2011,2011-10,True,Sale,Merchandise
402497,571500,23494,VINTAGE DOILY DELUXE SEWING KIT,1,2011-10-17 15:09:00,5.95,,United Kingdom,5.95,2011,2011-10,False,Sale,Merchandise
403225,571556,23199,JUMBO BAG APPLES,10,2011-10-18 09:24:00,2.08,12662,Germany,20.8,2011,2011-10,True,Sale,Merchandise
403391,571564,23203,JUMBO BAG VINTAGE DOILY,10,2011-10-18 10:16:00,2.08,16019,United Kingdom,20.8,2011,2011-10,True,Sale,Merchandise
403595,571641,22155,STAR DECORATION RUSTIC,48,2011-10-18 12:07:00,0.42,17135,United Kingdom,20.16,2011,2011-10,True,Sale,Merchandise
403826,571653,21224,SET/4 SKULL BADGES,20,2011-10-18 12:17:00,1.06,14298,United Kingdom,21.200000000000003,2011,2011-10,True,Sale,Merchandise
405482,571714,22470,HEART OF WICKER LARGE,1,2011-10-18 17:00:00,5.79,,United Kingdom,5.79,2011,2011-10,False,Sale,Merchandise
406113,571735,22456,NATURAL SLATE CHALKBOARD LARGE,18,2011-10-19 10:03:00,4.25,14229,United Kingdom,76.5,2011,2011-10,True,Sale,Merchandise
406699,571824,21990,MODERN FLORAL STATIONERY SET,12,2011-10-19 11:49:00,1.25,12472,Germany,15.0,2011,2011-10,True,Sale,Merchandise
406875,571837,22545,MINI JIGSAW BUNNIES,3,2011-10-19 12:11:00,0.42,16470,United Kingdom,1.26,2011,2011-10,True,Sale,Merchandise
408108,571931,23103,JINGLE BELL HEART DECORATION,1,2011-10-19 16:59:00,3.29,,United Kingdom,3.29,2011,2011-10,False,Sale,Merchandise
408724,572024,22621,TRADITIONAL KNITTING NANCY,12,2011-10-20 11:17:00,1.65,14631,United Kingdom,19.799999999999997,2011,2011-10,True,Sale,Merchandise
409477,572063,22348,TEA BAG PLATE RED RETROSPOT,1,2011-10-20 12:57:00,0.85,14606,United Kingdom,0.85,2011,2011-10,True,Sale,Merchandise
409879,572077,23355,HOT WATER BOTTLE KEEP CALM,8,2011-10-20 14:09:00,4.95,15807,United Kingdom,39.6,2011,2011-10,True,Sale,Merchandise
410330,572103,23486,ANTIQUE HEART SHELF UNIT,1,2011-10-20 15:57:00,16.65,17571,United Kingdom,16.65,2011,2011-10,True,Sale,Merchandise
410626,572121,22434,BALLOON PUMP WITH 10 BALLOONS,9,2011-10-20 19:51:00,1.95,17092,United Kingdom,17.55,2011,2011-10,True,Sale,Merchandise
411942,572241,22114,HOT WATER BOTTLE TEA AND SYMPATHY,4,2011-10-21 15:20:00,4.25,12712,Germany,17.0,2011,2011-10,True,Sale,Merchandise
412725,572295,22558,CLOTHES PEGS RETROSPOT PACK 24,2,2011-10-23 13:49:00,1.65,16686,United Kingdom,3.3,2011,2011-10,True,Sale,Merchandise
414310,572447,22558,CLOTHES PEGS RETROSPOT PACK 24,1,2011-10-24 12:25:00,1.65,17811,United Kingdom,1.65,2011,2011-10,True,Sale,Merchandise
414535,572464,23176,ABC TREASURE BOOK BOX,1,2011-10-24 13:08:00,2.25,17081,United Kingdom,2.25,2011,2011-10,True,Sale,Merchandise
416533,572553,22065,CHRISTMAS PUDDING TRINKET POT,4,2011-10-24 17:09:00,1.63,,United Kingdom,6.52,2011,2011-10,False,Sale,Merchandise
417172,572650,23201,JUMBO BAG ALPHABET,13,2011-10-25 12:00:00,2.08,15506,United Kingdom,27.04,2011,2011-10,True,Sale,Merchandise
417397,572655,22621,TRADITIONAL KNITTING NANCY,12,2011-10-25 12:20:00,1.65,16708,United Kingdom,19.799999999999997,2011,2011-10,True,Sale,Merchandise
417721,572669,21163,DO NOT TOUCH MY STUFF DOOR HANGER,2,2011-10-25 13:10:00,0.39,16549,United Kingdom,0.78,2011,2011-10,True,Sale,Merchandise
418155,572703,20972,PINK CREAM FELT CRAFT TRINKET BOX,2,2011-10-25 14:35:00,1.25,16110,United Kingdom,2.5,2011,2011-10,True,Sale,Merchandise
418662,572741,23350,ROLL WRAP VINTAGE SPOT,12,2011-10-25 15:47:00,1.25,14341,United Kingdom,15.0,2011,2011-10,True,Sale,Merchandise
419133,572758,22951,60 CAKE CASES DOLLY GIRL DESIGN,1,2011-10-25 18:39:00,1.25,,United Kingdom,1.25,2011,2011-10,False,Sale,Merchandise
419372,572772,22585,PACK OF 6 BIRDY GIFT TAGS,144,2011-10-26 10:29:00,1.06,17511,United Kingdom,152.64000000000001,2011,2011-10,True,Sale,Merchandise
419571,572843,22385,JUMBO BAG SPACEBOY DESIGN,10,2011-10-26 12:06:00,2.08,14315,United Kingdom,20.8,2011,2011-10,True,Sale,Merchandise
420607,572897,21115,ROSE CARAVAN DOORSTOP,3,2011-10-26 14:42:00,14.13,,United Kingdom,42.39,2011,2011-10,False,Sale,Merchandise
422042,C573037,22423,REGENCY CAKESTAND 3 TIER,-11,2011-10-27 13:45:00,10.95,12471,Germany,-120.44999999999999,2011,2011-10,True,Cancellation,Merchandise
422651,573102,23290,SPACEBOY CHILDRENS BOWL,8,2011-10-27 14:52:00,1.25,13266,United Kingdom,10.0,2011,2011-10,True,Sale,Merchandise
422702,573108,22544,MINI JIGSAW SPACEBOY,24,2011-10-27 15:09:00,0.42,12430,Norway,10.08,2011,2011-10,True,Sale,Merchandise
424463,573267,23084,RABBIT NIGHT LIGHT,1,2011-10-28 12:44:00,2.08,,United Kingdom,2.08,2011,2011-10,False,Sale,Merchandise
424591,573274,82583,HOT BATHS METAL SIGN,6,2011-10-28 13:10:00,4.96,,United Kingdom,29.759999999999998,2011,2011-10,False,Sale,Merchandise
424812,573286,22337,ANGEL DECORATION PAINTED ZINC,10,2011-10-28 14:38:00,0.65,,Switzerland,6.5,2011,2011-10,False,Sale,Merchandise
424987,573300,21154,RED RETROSPOT OVEN GLOVE,4,2011-10-28 16:10:00,1.25,16049,United Kingdom,5.0,2011,2011-10,True,Sale,Merchandise
425300,573315,22138,BAKING SET 9 PIECE RETROSPOT,1,2011-10-28 17:27:00,4.95,17839,United Kingdom,4.95,2011,2011-10,True,Sale,Merchandise
426668,573362,22597,MUSICAL ZINC HEART DECORATION,72,2011-10-30 13:06:00,0.29,12597,Spain,20.88,2011,2011-10,True,Sale,Merchandise
426884,573368,22829,SWEETHEART WIRE WALL TIDY,2,2011-10-30 13:18:00,9.95,14507,United Kingdom,19.9,2011,2011-10,True,Sale,Merchandise
427384,573385,22906,12 MESSAGE CARDS WITH ENVELOPES,20,2011-10-30 14:21:00,1.65,13421,United Kingdom,33.0,2011,2011-10,True,Sale,Merchandise
427735,573397,23489,VINTAGE BELLS GARLAND,2,2011-10-30 15:19:00,2.89,15547,United Kingdom,5.78,2011,2011-10,True,Sale,Merchandise
427888,573405,21394,RED POLKADOT BEAKER,6,2011-10-30 15:55:00,0.39,13822,United Kingdom,2.34,2011,2011-10,True,Sale,Merchandise
428907,573508,84968F,SET OF 16 VINTAGE SKY BLUE CUTLERY,1,2011-10-31 12:11:00,12.75,12552,Italy,12.75,2011,2011-10,True,Sale,Merchandise
429240,573548,23460,SWEETHEART WALL TIDY,2,2011-10-31 13:22:00,9.95,13680,United Kingdom,19.9,2011,2011-10,True,Sale,Merchandise
429618,573576,20973,12 PENCIL SMALL TUBE WOODLAND,3,2011-10-31 14:09:00,1.25,14096,United Kingdom,3.75,2011,2011-10,True,Sale,Merchandise
429681,573576,21907,I'M ON HOLIDAY METAL SIGN,1,2011-10-31 14:09:00,4.13,14096,United Kingdom,4.13,2011,2011-10,True,Sale,Merchandise
429786,573576,22558,CLOTHES PEGS RETROSPOT PACK 24,1,2011-10-31 14:09:00,3.29,14096,United Kingdom,3.29,2011,2011-10,True,Sale,Merchandise
429823,573576,22653,BUTTON BOX,2,2011-10-31 14:09:00,1.63,14096,United Kingdom,3.26,2011,2011-10,True,Sale,Merchandise
429926,573576,23263,SET OF 3 WOODEN HEART DECORATIONS,7,2011-10-31 14:09:00,2.46,14096,United Kingdom,17.22,2011,2011-10,True,Sale,Merchandise
430106,573580,23426,METAL SIGN DROP YOUR PANTS,1,2011-10-31 14:21:00,5.79,,United Kingdom,5.79,2011,2011-10,False,Sale,Merchandise
430378,573585,21408,SPOTTY PINK DUCK DOORSTOP,1,2011-10-31 14:41:00,8.29,,United Kingdom,8.29,2011,2011-10,False,Sale,Merchandise
430777,573585,22734,SET OF 6 RIBBONS VINTAGE CHRISTMAS,4,2011-10-31 14:41:00,5.79,,United Kingdom,23.16,2011,2011-10,False,Sale,Merchandise
431616,573665,23497,CLASSIC CHROME BICYCLE BELL,2,2011-10-31 16:24:00,1.45,13982,United Kingdom,2.9,2011,2011-10,True,Sale,Merchandise
432494,573876,21058,PARTY INVITES WOODLAND,1,2011-11-01 12:48:00,0.85,16360,United Kingdom,0.85,2011,2011-11,True,Sale,Merchandise
437383,574287,21034,REX CASH+CARRY JUMBO SHOPPER,1,2011-11-03 15:09:00,0.95,14723,United Kingdom,0.95,2011,2011-11,True,Sale,Merchandise
438204,574310,21395,BLUE POLKADOT BEAKER,2,2011-11-03 16:56:00,0.39,13467,United Kingdom,0.78,2011,2011-11,True,Sale,Merchandise
438418,574317,22230,JIGSAW TREE WITH WATERING CAN,40,2011-11-03 18:49:00,0.29,17078,United Kingdom,11.6,2011,2011-11,True,Sale,Merchandise
438731,574328,21497,FANCY FONTS BIRTHDAY WRAP,25,2011-11-04 09:05:00,0.42,13081,United Kingdom,10.5,2011,2011-11,True,Sale,Merchandise
439005,574349,22574,HEART WOODEN CHRISTMAS DECORATION,12,2011-11-04 10:29:00,0.85,13495,United Kingdom,10.2,2011,2011-11,True,Sale,Merchandise
439027,574351,23188,VINTAGE  2 METRE FOLDING RULER,1,2011-11-04 10:37:00,1.65,17348,United Kingdom,1.65,2011,2011-11,True,Sale,Merchandise
440264,574528,22470,HEART OF WICKER LARGE,6,2011-11-04 14:03:00,2.95,16782,United Kingdom,17.700000000000003,2011,2011-11,True,Sale,Merchandise
440362,574532,22306,SILVER MUG BONE CHINA TREE OF LIFE,12,2011-11-04 14:19:00,1.06,15676,United Kingdom,12.72,2011,2011-11,True,Sale,Merchandise
440941,574555,23265,SET OF 3 WOODEN TREE DECORATIONS,1,2011-11-04 15:29:00,1.25,16426,United Kingdom,1.25,2011,2011-11,True,Sale,Merchandise
442062,574660,22228,BUNNY WOODEN PAINTED WITH BIRD,1,2011-11-06 11:55:00,0.39,15407,United Kingdom,0.39,2011,2011-11,True,Sale,Merchandise
442145,574663,84879,ASSORTED COLOUR BIRD ORNAMENT,8,2011-11-06 12:04:00,1.69,13527,United Kingdom,13.52,2011,2011-11,True,Sale,Merchandise
442612,574677,23389,SPACEBOY MINI BACKPACK,1,2011-11-06 12:32:00,4.15,16445,United Kingdom,4.15,2011,2011-11,True,Sale,Merchandise
443234,574696,85232D,SET/3 DECOUPAGE STACKING TINS,2,2011-11-06 13:40:00,4.95,13634,United Kingdom,9.9,2011,2011-11,True,Sale,Merchandise
443402,574700,23340,VINTAGE CHRISTMAS CAKE FRILL,5,2011-11-06 13:53:00,1.65,16033,United Kingdom,8.25,2011,2011-11,True,Sale,Merchandise
443554,574704,21733,RED HANGING HEART T-LIGHT HOLDER,10,2011-11-06 14:02:00,2.95,15696,United Kingdom,29.5,2011,2011-11,True,Sale,Merchandise
443733,574709,23439,HAND WARMER RED LOVE HEART,24,2011-11-06 14:14:00,2.1,17768,United Kingdom,50.400000000000006,2011,2011-11,True,Sale,Merchandise
444917,574741,84988,SET OF 72 PINK HEART PAPER DOILIES,1,2011-11-06 16:13:00,1.45,15993,United Kingdom,1.45,2011,2011-11,True,Sale,Merchandise
445104,574756,23582,VINTAGE DOILY JUMBO BAG RED,20,2011-11-07 09:40:00,2.08,13534,United Kingdom,41.6,2011,2011-11,True,Sale,Merchandise
445327,574835,23530,WALL ART ONLY ONE PERSON,6,2011-11-07 11:31:00,4.95,13139,United Kingdom,29.700000000000003,2011,2011-11,True,Sale,Merchandise
445728,574856,82494L,WOODEN FRAME ANTIQUE WHITE,4,2011-11-07 12:06:00,8.29,,United Kingdom,33.16,2011,2011-11,False,Sale,Merchandise
447379,574950,23196,VINTAGE LEAF MAGNETIC NOTEPAD,3,2011-11-08 09:29:00,3.29,,United Kingdom,9.870000000000001,2011,2011-11,False,Sale,Merchandise
447447,574950,23435,3 RAFFIA RIBBONS VINTAGE CHRISTMAS,3,2011-11-08 09:29:00,0.83,,United Kingdom,2.4899999999999998,2011,2011-11,False,Sale,Merchandise
448193,575039,23503,PLAYING CARDS KEEP CALM & CARRY ON,5,2011-11-08 11:53:00,1.25,15005,United Kingdom,6.25,2011,2011-11,True,Sale,Merchandise
449080,575085,22998,TRAVEL CARD WALLET KEEP CALM,24,2011-11-08 13:41:00,0.42,12849,United Kingdom,10.08,2011,2011-11,True,Sale,Merchandise
449643,575138,21929,JUMBO BAG PINK VINTAGE PAISLEY,5,2011-11-08 15:24:00,4.13,,United Kingdom,20.65,2011,2011-11,False,Sale,Merchandise
450471,575176,22785,SQUARECUSHION COVER PINK UNION JACK,1,2011-11-08 18:29:00,16.63,,United Kingdom,16.63,2011,2011-11,False,Sale,Merchandise
450599,575176,23394,POSTE FRANCE CUSHION COVER,1,2011-11-08 18:29:00,10.79,,United Kingdom,10.79,2011,2011-11,False,Sale,Merchandise
451380,575202,22271,FELTCRAFT DOLL ROSIE,6,2011-11-09 10:14:00,2.95,13018,United Kingdom,17.700000000000003,2011,2011-11,True,Sale,Merchandise
451443,575207,21790,VINTAGE SNAP CARDS,24,2011-11-09 10:27:00,0.85,18172,United Kingdom,20.4,2011,2011-11,True,Sale,Merchandise
451977,575303,23192,BUNDLE OF 3 ALPHABET EXERCISE BOOKS,1,2011-11-09 12:34:00,1.65,12893,United Kingdom,1.65,2011,2011-11,True,Sale,Merchandise
452275,575331,23201,JUMBO BAG ALPHABET,10,2011-11-09 13:52:00,2.08,13209,United Kingdom,20.8,2011,2011-11,True,Sale,Merchandise
452456,575337,84826,ASSTD DESIGN 3D PAPER STICKERS,1,2011-11-09 14:11:00,0.85,17867,United Kingdom,0.85,2011,2011-11,True,Sale,Merchandise
453111,575477,22772,PINK DRAWER KNOB ACRYLIC EDWARDIAN,11,2011-11-09 16:14:00,2.46,,United Kingdom,27.06,2011,2011-11,False,Sale,Merchandise
453545,575484,22722,SET OF 6 SPICE TINS PANTRY DESIGN,4,2011-11-09 17:02:00,3.95,16670,United Kingdom,15.8,2011,2011-11,True,Sale,Merchandise
453807,575491,85099C,JUMBO  BAG BAROQUE BLACK WHITE,10,2011-11-09 17:47:00,2.08,15531,United Kingdom,20.8,2011,2011-11,True,Sale,Merchandise
454885,575603,23263,SET OF 3 WOODEN HEART DECORATIONS,2,2011-11-10 12:29:00,1.25,18125,United Kingdom,2.5,2011,2011-11,True,Sale,Merchandise
455595,575631,21912,VINTAGE SNAKES & LADDERS,1,2011-11-10 13:41:00,3.75,15184,United Kingdom,3.75,2011,2011-11,True,Sale,Merchandise
456254,575681,22181,SNOWSTORM PHOTO FRAME FRIDGE MAGNET,24,2011-11-10 15:32:00,0.85,16903,United Kingdom,20.4,2011,2011-11,True,Sale,Merchandise
456445,575692,22620,4 TRADITIONAL SPINNING TOPS,3,2011-11-10 16:27:00,1.45,12508,France,4.35,2011,2011-11,True,Sale,Merchandise
456495,575693,23355,HOT WATER BOTTLE KEEP CALM,8,2011-11-10 16:36:00,4.95,16979,United Kingdom,39.6,2011,2011-11,True,Sale,Merchandise
457284,575739,21915,RED  HARMONICA IN BOX,2,2011-11-11 09:05:00,2.46,,United Kingdom,4.92,2011,2011-11,False,Sale,Merchandise
457460,575739,22944,CHRISTMAS METAL POSTCARD WITH BELLS,12,2011-11-11 09:05:00,0.97,,United Kingdom,11.64,2011,2011-11,False,Sale,Merchandise
457682,575739,20973,12 PENCIL SMALL TUBE WOODLAND,2,2011-11-11 09:05:00,1.25,,United Kingdom,2.5,2011,2011-11,False,Sale,Merchandise
458054,575755,23434,3 RAFFIA RIBBONS 50'S CHRISTMAS,10,2011-11-11 10:45:00,0.79,17015,United Kingdom,7.9,2011,2011-11,True,Sale,Merchandise
458335,575787,23368,SET 12 COLOUR PENCILS DOLLY GIRL,16,2011-11-11 11:18:00,0.65,12518,Germany,10.4,2011,2011-11,True,Sale,Merchandise
458338,575787,84997C,CHILDRENS CUTLERY POLKADOT BLUE,4,2011-11-11 11:18:00,4.15,12518,Germany,16.6,2011,2011-11,True,Sale,Merchandise
458925,575854,22728,ALARM CLOCK BAKELIKE PINK,4,2011-11-11 12:20:00,3.75,14125,United Kingdom,15.0,2011,2011-11,True,Sale,Merchandise
459113,575867,21400,RED PUDDING SPOON,9,2011-11-11 12:44:00,0.12,15034,United Kingdom,1.08,2011,2011-11,True,Sale,Merchandise
459192,575868,23192,BUNDLE OF 3 ALPHABET EXERCISE BOOKS,12,2011-11-11 12:44:00,1.65,12985,United Kingdom,19.799999999999997,2011,2011-11,True,Sale,Merchandise
459342,575875,21791,VINTAGE HEADS AND TAILS CARD GAME,1,2011-11-11 13:06:00,2.46,,United Kingdom,2.46,2011,2011-11,False,Sale,Merchandise
459748,575875,90164A,PINK ROSEBUD PEARL BRACELET,1,2011-11-11 13:06:00,7.48,,United Kingdom,7.48,2011,2011-11,False,Sale,Merchandise
460913,575930,22627,MINT KITCHEN SCALES,1,2011-11-11 17:58:00,16.63,,United Kingdom,16.63,2011,2011-11,False,Sale,Merchandise
461645,575947,22144,CHRISTMAS CRAFT LITTLE FRIENDS,10,2011-11-13 11:50:00,4.13,,United Kingdom,41.3,2011,2011-11,False,Sale,Merchandise
461848,575952,22068,BLACK PIRATE TREASURE CHEST,2,2011-11-13 11:55:00,1.65,16015,United Kingdom,3.3,2011,2011-11,True,Sale,Merchandise
461877,575954,22577,WOODEN HEART CHRISTMAS SCANDINAVIAN,12,2011-11-13 12:03:00,0.29,17211,United Kingdom,3.4799999999999995,2011,2011-11,True,Sale,Merchandise
462161,575964,23457,LARGE PARLOUR PICTURE FRAME,1,2011-11-13 12:31:00,4.95,15021,United Kingdom,4.95,2011,2011-11,True,Sale,Merchandise
462557,575982,21080,SET/20 RED RETROSPOT PAPER NAPKINS,96,2011-11-13 13:42:00,0.72,13798,United Kingdom,69.12,2011,2011-11,True,Sale,Merchandise
464650,576148,23444,Next Day Carriage,1,2011-11-14 10:50:00,15.0,15671,United Kingdom,15.0,2011,2011-11,True,Sale,Merchandise
464805,576182,22219,LOVEBIRD HANGING DECORATION WHITE,12,2011-11-14 11:21:00,0.85,12938,United Kingdom,10.2,2011,2011-11,True,Sale,Merchandise
464908,576189,23309,SET OF 60 I LOVE LONDON CAKE CASES,3,2011-11-14 11:33:00,0.55,14684,United Kingdom,1.6500000000000001,2011,2011-11,True,Sale,Merchandise
464963,576191,23209,LUNCH BAG VINTAGE DOILY,2,2011-11-14 11:54:00,1.65,17377,United Kingdom,3.3,2011,2011-11,True,Sale,Merchandise
465474,576236,23208,LUNCH BAG VINTAGE LEAF DESIGN,4,2011-11-14 13:31:00,1.65,13755,United Kingdom,6.6,2011,2011-11,True,Sale,Merchandise
465609,576246,22962,JAM JAR WITH PINK LID,1,2011-11-14 13:42:00,0.85,17566,United Kingdom,0.85,2011,2011-11,True,Sale,Merchandise
465705,576251,23422,PANTRY HOOK BALLOON WHISK,4,2011-11-14 13:51:00,2.08,16207,United Kingdom,8.32,2011,2011-11,True,Sale,Merchandise
465749,576252,79066K,RETRO MOD TRAY,10,2011-11-14 13:55:00,0.85,14418,United Kingdom,8.5,2011,2011-11,True,Sale,Merchandise
465915,576269,22558,CLOTHES PEGS RETROSPOT PACK 24,12,2011-11-14 14:23:00,1.65,12762,Portugal,19.799999999999997,2011,2011-11,True,Sale,Merchandise
466355,576327,23283,DOORMAT VINTAGE LEAF,4,2011-11-14 15:19:00,8.25,12476,Germany,33.0,2011,2011-11,True,Sale,Merchandise
467433,576339,85227,SET OF 6 3D KIT CARDS FOR KIDS,5,2011-11-14 15:27:00,1.63,14096,United Kingdom,8.149999999999999,2011,2011-11,True,Sale,Merchandise
467732,576365,23518,EMBROIDERED RIBBON REEL RACHEL,2,2011-11-14 17:55:00,6.95,,United Kingdom,13.9,2011,2011-11,False,Sale,Merchandise
468034,576388,22537,MAGIC DRAWING SLATE DINOSAUR,24,2011-11-15 10:00:00,0.42,17510,United Kingdom,10.08,2011,2011-11,True,Sale,Merchandise
469083,576574,22728,ALARM CLOCK BAKELIKE PINK,4,2011-11-15 13:53:00,3.75,13078,United Kingdom,15.0,2011,2011-11,True,Sale,Merchandise
469648,576601,23332,IVORY WICKER HEART LARGE,1,2011-11-15 15:10:00,1.65,14595,United Kingdom,1.65,2011,2011-11,True,Sale,Merchandise
469982,576615,23393,HOME SWEET HOME CUSHION COVER,2,2011-11-15 16:42:00,3.75,17231,United Kingdom,7.5,2011,2011-11,True,Sale,Merchandise
470633,576618,21722,SWEET PUDDING STICKER SHEET,1,2011-11-15 17:00:00,1.63,,United Kingdom,1.63,2011,2011-11,False,Sale,Merchandise
471594,576644,22457,NATURAL SLATE HEART CHALKBOARD,8,2011-11-16 10:01:00,5.79,,United Kingdom,46.32,2011,2011-11,False,Sale,Merchandise
472355,576686,21914,BLUE HARMONICA IN BOX,1,2011-11-16 12:08:00,1.25,16916,United Kingdom,1.25,2011,2011-11,True,Sale,Merchandise
473079,576779,85032C,CURIOUS IMAGES GIFT WRAP SET,1,2011-11-16 13:25:00,0.65,14554,United Kingdom,0.65,2011,2011-11,True,Sale,Merchandise
473395,C576831,22071,SMALL WHITE RETROSPOT MUG IN BOX,-244,2011-11-16 14:56:00,0.5,12748,United Kingdom,-122.0,2011,2011-11,True,Cancellation,Merchandise
473756,576837,22615,PACK OF 12 CIRCUS PARADE TISSUES,2,2011-11-16 15:16:00,0.83,,United Kingdom,1.66,2011,2011-11,False,Sale,Merchandise
474044,576838,23300,GARDENERS KNEELING PAD CUP OF TEA,12,2011-11-16 15:21:00,1.65,18075,United Kingdom,19.799999999999997,2011,2011-11,True,Sale,Merchandise
474492,576840,23526,WALL ART DOG LICENCE,4,2011-11-16 15:23:00,12.46,,United Kingdom,49.84,2011,2011-11,False,Sale,Merchandise
474797,576851,21899,GARAGE KEY FOB,2,2011-11-16 15:41:00,0.65,15967,United Kingdom,1.3,2011,2011-11,True,Sale,Merchandise
474906,576857,22555,PLASTERS IN TIN STRONGMAN,1,2011-11-16 15:52:00,1.65,12748,United Kingdom,1.65,2011,2011-11,True,Sale,Merchandise
476208,576948,84879,ASSORTED COLOUR BIRD ORNAMENT,8,2011-11-17 11:45:00,1.69,14515,United Kingdom,13.52,2011,2011-11,True,Sale,Merchandise
476550,577024,23313,VINTAGE CHRISTMAS BUNTING,1,2011-11-17 12:47:00,4.95,14704,United Kingdom,4.95,2011,2011-11,True,Sale,Merchandise
476675,577030,22900,SET 2 TEA TOWELS I LOVE LONDON,12,2011-11-17 12:59:00,3.25,14060,United Kingdom,39.0,2011,2011-11,True,Sale,Merchandise
476957,577039,22312,OFFICE MUG WARMER POLKADOT,6,2011-11-17 13:30:00,2.95,12539,Spain,17.700000000000003,2011,2011-11,True,Sale,Merchandise
477326,577057,22578,WOODEN STAR CHRISTMAS SCANDINAVIAN,5,2011-11-17 14:26:00,0.29,12748,United Kingdom,1.45,2011,2011-11,True,Sale,Merchandise
477578,577059,23311,VINTAGE CHRISTMAS STOCKING,6,2011-11-17 14:30:00,2.55,13704,United Kingdom,15.299999999999999,2011,2011-11,True,Sale,Merchandise
478165,577078,20724,RED RETROSPOT CHARLOTTE BAG,11,2011-11-17 15:17:00,1.63,,United Kingdom,17.93,2011,2011-11,False,Sale,Merchandise
479301,577152,22949,36 DOILIES DOLLY GIRL,12,2011-11-18 09:53:00,1.45,14277,France,17.4,2011,2011-11,True,Sale,Merchandise
480242,577296,72817,SET OF 2 CHRISTMAS DECOUPAGE CANDLE,1,2011-11-18 12:47:00,0.79,17286,United Kingdom,0.79,2011,2011-11,True,Sale,Merchandise
480544,577309,23271,CHRISTMAS TABLE SILVER CANDLE SPIKE,16,2011-11-18 13:14:00,0.83,15933,United Kingdom,13.28,2011,2011-11,True,Sale,Merchandise
480639,577314,22635,CHILDS BREAKFAST SET DOLLY GIRL,4,2011-11-18 13:23:00,9.95,12444,Norway,39.8,2011,2011-11,True,Sale,Merchandise
480833,577319,23308,SET OF 60 VINTAGE LEAF CAKE CASES,1,2011-11-18 13:43:00,0.55,17301,United Kingdom,0.55,2011,2011-11,True,Sale,Merchandise
481339,577358,22328,ROUND SNACK BOXES SET OF 4 FRUITS,1,2011-11-18 15:59:00,5.79,,United Kingdom,5.79,2011,2011-11,False,Sale,Merchandise
481507,577358,23083,SET 6 PAPER TABLE LANTERN STARS,3,2011-11-18 15:59:00,7.46,,United Kingdom,22.38,2011,2011-11,False,Sale,Merchandise
482385,577473,21065,BOOM BOX SPEAKER GIRLS,1,2011-11-20 11:28:00,5.95,15919,United Kingdom,5.95,2011,2011-11,True,Sale,Merchandise
482449,577473,22553,PLASTERS IN TIN SKULLS,1,2011-11-20 11:28:00,1.65,15919,United Kingdom,1.65,2011,2011-11,True,Sale,Merchandise
482759,577483,22778,GLASS CLOCHE SMALL,1,2011-11-20 11:50:00,3.95,14502,United Kingdom,3.95,2011,2011-11,True,Sale,Merchandise
482816,577484,23103,JINGLE BELL HEART DECORATION,48,2011-11-20 11:52:00,1.65,13536,United Kingdom,79.19999999999999,2011,2011-11,True,Sale,Merchandise
482934,577485,22113,GREY HEART HOT WATER BOTTLE,2,2011-11-20 11:56:00,4.25,16360,United Kingdom,8.5,2011,2011-11,True,Sale,Merchandise
484089,577520,84006,MAGIC TREE -PAPER FLOWERS,9,2011-11-20 13:20:00,0.85,14553,United Kingdom,7.6499999999999995,2011,2011-11,True,Sale,Merchandise
484206,577524,21744,SNOWFLAKE PORTABLE TABLE LIGHT,1,2011-11-20 13:33:00,2.95,16905,United Kingdom,2.95,2011,2011-11,True,Sale,Merchandise
486125,577700,22158,3 HEARTS HANGING DECORATION RUSTIC,1,2011-11-21 12:06:00,2.95,14449,United Kingdom,2.95,2011,2011-11,True,Sale,Merchandise
486235,577721,20866,BLUE ROSE FABRIC MIRROR,8,2011-11-21 12:24:00,1.25,13167,United Kingdom,10.0,2011,2011-11,True,Sale,Merchandise
487004,577768,23352,ROLL WRAP 50'S RED CHRISTMAS,1,2011-11-21 15:18:00,2.46,,United Kingdom,2.46,2011,2011-11,False,Sale,Merchandise
487196,577768,21356,TOAST ITS - FAIRY FLOWER,3,2011-11-21 15:18:00,0.83,,United Kingdom,2.4899999999999998,2011,2011-11,False,Sale,Merchandise
487476,577768,23206,LUNCH BAG APPLE DESIGN,2,2011-11-21 15:18:00,4.13,,United Kingdom,8.26,2011,2011-11,False,Sale,Merchandise
487867,577782,22318,FIVE HEART HANGING DECORATION,1,2011-11-21 16:17:00,2.95,16549,United Kingdom,2.95,2011,2011-11,True,Sale,Merchandise
488075,577794,22042,CHRISTMAS CARD SINGING ANGEL,12,2011-11-21 16:48:00,0.42,14030,United Kingdom,5.04,2011,2011-11,True,Sale,Merchandise
488724,C577849,23535,WALL ART BICYCLE SAFETY,-1,2011-11-22 10:59:00,5.95,14534,United Kingdom,-5.95,2011,2011-11,True,Cancellation,Merchandise
489814,578027,23263,SET OF 3 WOODEN HEART DECORATIONS,24,2011-11-22 13:29:00,1.25,15977,United Kingdom,30.0,2011,2011-11,True,Sale,Merchandise
490220,578041,22158,3 HEARTS HANGING DECORATION RUSTIC,6,2011-11-22 14:23:00,2.95,17338,United Kingdom,17.700000000000003,2011,2011-11,True,Sale,Merchandise
491110,578067,22108,PING! MICROWAVE PLATE,2,2011-11-22 15:43:00,3.29,,United Kingdom,6.58,2011,2011-11,False,Sale,Merchandise
491798,578074,23215,JINGLE BELL HEART ANTIQUE SILVER,4,2011-11-22 16:06:00,2.08,17590,United Kingdom,8.32,2011,2011-11,True,Sale,Merchandise
492037,578088,22949,SET OF 36 DOLLY GIRL PAPER DOILIES,2,2011-11-22 16:47:00,1.45,16376,United Kingdom,2.9,2011,2011-11,True,Sale,Merchandise
493126,578155,22940,FELTCRAFT CHRISTMAS FAIRY,1,2011-11-23 11:32:00,4.25,12748,United Kingdom,4.25,2011,2011-11,True,Sale,Merchandise
493610,578234,23452,HEART MINI PORTRAIT FRAME,6,2011-11-23 12:22:00,1.95,13650,United Kingdom,11.7,2011,2011-11,True,Sale,Merchandise
493642,578243,21485,RETROSPOT HEART HOT WATER BOTTLE,12,2011-11-23 12:33:00,4.95,13448,United Kingdom,59.400000000000006,2011,2011-11,True,Sale,Merchandise
493941,578255,22690,DOORMAT HOME SWEET HOME BLUE,2,2011-11-23 12:58:00,8.25,14675,United Kingdom,16.5,2011,2011-11,True,Sale,Merchandise
494101,578262,22661,CHARLOTTE BAG DOLLY GIRL DESIGN,2,2011-11-23 13:27:00,0.85,18283,United Kingdom,1.7,2011,2011-11,True,Sale,Merchandise
494369,578270,21993,FLORAL FOLK STATIONERY SET,12,2011-11-23 13:39:00,2.46,14096,United Kingdom,29.52,2011,2011-11,True,Sale,Merchandise
494821,578275,85035C,ROSE 3 WICK MORRIS BOX CANDLE,2,2011-11-23 13:46:00,1.25,15916,United Kingdom,2.5,2011,2011-11,True,Sale,Merchandise
494854,578277,23503,PLAYING CARDS KEEP CALM & CARRY ON,20,2011-11-23 13:51:00,1.25,12723,France,25.0,2011,2011-11,True,Sale,Merchandise
496404,578344,23354,6 GIFT TAGS 50'S CHRISTMAS,3,2011-11-24 09:21:00,1.63,,United Kingdom,4.89,2011,2011-11,False,Sale,Merchandise
496441,578344,23518,EMBROIDERED RIBBON REEL RACHEL,1,2011-11-24 09:21:00,5.79,,United Kingdom,5.79,2011,2011-11,False,Sale,Merchandise
497013,578347,23336,EGG FRYING PAN PINK,1,2011-11-24 09:26:00,4.13,,United Kingdom,4.13,2011,2011-11,False,Sale,Merchandise
498875,578541,21485,RETROSPOT HEART HOT WATER BOTTLE,3,2011-11-24 15:01:00,4.95,14277,France,14.850000000000001,2011,2011-11,True,Sale,Merchandise
499333,578666,84946,ANTIQUE SILVER T-LIGHT GLASS,12,2011-11-24 17:06:00,1.25,17727,United Kingdom,15.0,2011,2011-11,True,Sale,Merchandise
499336,578666,23231,WRAP  VINTAGE DOILY,25,2011-11-24 17:06:00,0.42,17727,United Kingdom,10.5,2011,2011-11,True,Sale,Merchandise
499667,578682,22070,SMALL RED RETROSPOT MUG IN BOX,12,2011-11-25 08:55:00,3.39,17173,United Kingdom,40.68,2011,2011-11,True,Sale,Merchandise
499824,578696,85099B,JUMBO BAG RED RETROSPOT,10,2011-11-25 10:02:00,2.08,13985,United Kingdom,20.8,2011,2011-11,True,Sale,Merchandise
501404,578827,22547,MINI JIGSAW DINOSAUR,2,2011-11-25 14:25:00,0.83,,United Kingdom,1.66,2011,2011-11,False,Sale,Merchandise
502103,578836,82551,LAUNDRY 15C METAL SIGN,5,2011-11-25 15:47:00,1.45,13069,United Kingdom,7.25,2011,2011-11,True,Sale,Merchandise
504390,578949,22434,BALLOON PUMP WITH 10 BALLOONS,1,2011-11-27 14:30:00,1.95,14954,United Kingdom,1.95,2011,2011-11,True,Sale,Merchandise
507932,579187,90130D,RED STONE/CRYSTAL EARRINGS,1,2011-11-28 15:31:00,2.9,,United Kingdom,2.9,2011,2011-11,False,Sale,Merchandise
508028,579194,23084,RABBIT NIGHT LIGHT,12,2011-11-28 15:50:00,2.08,15804,United Kingdom,24.96,2011,2011-11,True,Sale,Merchandise
508331,579196,23167,SMALL CERAMIC TOP STORAGE JAR,4,2011-11-28 15:54:00,1.63,14096,United Kingdom,6.52,2011,2011-11,True,Sale,Merchandise
508541,579196,21509,COWBOYS AND INDIANS BIRTHDAY CARD,4,2011-11-28 15:54:00,0.83,14096,United Kingdom,3.32,2011,2011-11,True,Sale,Merchandise
509719,579399,22109,FULL ENGLISH BREAKFAST PLATE,1,2011-11-29 12:09:00,3.75,13137,United Kingdom,3.75,2011,2011-11,True,Sale,Merchandise
509946,579411,22384,LUNCH BAG PINK POLKADOT,8,2011-11-29 12:46:00,1.65,16794,United Kingdom,13.2,2011,2011-11,True,Sale,Merchandise
510730,579467,22169,FAMILY ALBUM WHITE PICTURE FRAME,2,2011-11-29 14:57:00,8.5,15755,United Kingdom,17.0,2011,2011-11,True,Sale,Merchandise
510911,579470,23406,HOME SWEET HOME KEY HOLDER,2,2011-11-29 15:06:00,6.25,16549,United Kingdom,12.5,2011,2011-11,True,Sale,Merchandise
511378,579493,22627,MINT KITCHEN SCALES,2,2011-11-29 15:24:00,8.5,15570,United Kingdom,17.0,2011,2011-11,True,Sale,Merchandise
511459,579501,23314,VINTAGE CHRISTMAS TABLECLOTH,8,2011-11-29 16:16:00,10.39,14088,United Kingdom,83.12,2011,2011-11,True,Sale,Merchandise
511569,579508,22219,LOVEBIRD HANGING DECORATION WHITE,2,2011-11-29 16:33:00,1.63,,United Kingdom,3.26,2011,2011-11,False,Sale,Merchandise
511716,579508,22781,GUMBALL MAGAZINE RACK,2,2011-11-29 16:33:00,14.96,,United Kingdom,29.92,2011,2011-11,False,Sale,Merchandise
513097,579534,84978,HANGING HEART JAR T-LIGHT HOLDER,36,2011-11-30 09:33:00,1.06,13784,United Kingdom,38.160000000000004,2011,2011-11,True,Sale,Merchandise
513192,579538,23504,PLAYING CARDS JUBILEE UNION JACK,24,2011-11-30 10:04:00,1.25,14062,United Kingdom,30.0,2011,2011-11,True,Sale,Merchandise
513762,579560,21428,SET3 BOOK BOX GREEN GINGHAM FLOWER,1,2011-11-30 11:31:00,4.25,15039,United Kingdom,4.25,2011,2011-11,True,Sale,Merchandise
514368,579693,23169,CLASSIC GLASS COOKIE JAR,6,2011-11-30 14:09:00,4.15,15712,United Kingdom,24.900000000000002,2011,2011-11,True,Sale,Merchandise
515065,579777,23293,SET OF 12 FAIRY CAKE BAKING CASES,1,2011-11-30 15:13:00,2.46,,United Kingdom,2.46,2011,2011-11,False,Sale,Merchandise
515444,579777,22107,PIZZA PLATE IN BOX,2,2011-11-30 15:13:00,3.29,,United Kingdom,6.58,2011,2011-11,False,Sale,Merchandise
515672,579777,22991,GIRAFFE WOODEN RULER,1,2011-11-30 15:13:00,4.13,,United Kingdom,4.13,2011,2011-11,False,Sale,Merchandise
515701,C579783,23597,PAPER BUNTING PAISLEY PARK,-6,2011-11-30 15:21:00,2.95,17727,United Kingdom,-17.700000000000003,2011,2011-11,True,Cancellation,Merchandise
516526,C579926,20727,LUNCH BAG  BLACK SKULL.,-2,2011-12-01 09:19:00,1.65,14389,United Kingdom,-3.3,2011,2011-12,True,Cancellation,Merchandise
516861,C579989,23415,HOME SWEET HOME HOOK,-5,2011-12-01 11:18:00,1.65,15745,United Kingdom,-8.25,2011,2011-12,True,Cancellation,Merchandise
517729,580089,23582,VINTAGE DOILY JUMBO BAG RED,10,2011-12-01 14:34:00,2.08,14732,United Kingdom,20.8,2011,2011-12,True,Sale,Merchandise
518592,580115,23536,WALL ART VILLAGE SHOW,1,2011-12-01 16:22:00,12.46,,United Kingdom,12.46,2011,2011-12,False,Sale,Merchandise
518687,580115,85049H,URBAN BLACK RIBBONS,4,2011-12-01 16:22:00,0.83,,United Kingdom,3.32,2011,2011-12,False,Sale,Merchandise
519202,580137,23371,SET 36 COLOUR PENCILS SPACEBOY,3,2011-12-01 19:54:00,1.25,17566,United Kingdom,3.75,2011,2011-12,True,Sale,Merchandise
519266,580137,23273,HEART T-LIGHT HOLDER WILLIE WINKIE,2,2011-12-01 19:54:00,1.65,17566,United Kingdom,3.3,2011,2011-12,True,Sale,Merchandise
519699,580160,22561,WOODEN SCHOOL COLOURING SET,12,2011-12-02 10:47:00,1.65,12700,France,19.799999999999997,2011,2011-12,True,Sale,Merchandise
519837,580176,23336,EGG FRYING PAN PINK,6,2011-12-02 11:49:00,2.08,14292,United Kingdom,12.48,2011,2011-12,True,Sale,Merchandise
519874,580188,23313,VINTAGE CHRISTMAS BUNTING,3,2011-12-02 12:02:00,4.95,16440,United Kingdom,14.850000000000001,2011,2011-12,True,Sale,Merchandise
520008,580256,21742,LARGE ROUND WICKER PLATTER,1,2011-12-02 12:24:00,5.95,14688,United Kingdom,5.95,2011,2011-12,True,Sale,Merchandise
521127,580316,84836,ZINC METAL HEART DECORATION,2,2011-12-02 15:25:00,1.25,18109,United Kingdom,2.5,2011,2011-12,True,Sale,Merchandise
521497,580367,21189,WHITE HONEYCOMB PAPER GARLAND,13,2011-12-02 16:39:00,3.29,,United Kingdom,42.77,2011,2011-12,False,Sale,Merchandise
521648,580367,22360,GLASS JAR ENGLISH CONFECTIONERY,2,2011-12-02 16:39:00,5.79,,United Kingdom,11.58,2011,2011-12,False,Sale,Merchandise
522933,580482,23404,HOME SWEET HOME BLACKBOARD,1,2011-12-04 12:44:00,4.95,16033,United Kingdom,4.95,2011,2011-12,True,Sale,Merchandise
524711,580610,22178,VICTORIAN GLASS HANGING T-LIGHT,3,2011-12-05 11:48:00,2.46,,United Kingdom,7.38,2011,2011-12,False,Sale,Merchandise
525921,580640,22701,PINK DOG BOWL,1,2011-12-05 12:51:00,0.79,16910,United Kingdom,0.79,2011,2011-12,True,Sale,Merchandise
526047,580647,22138,BAKING SET 9 PIECE RETROSPOT,1,2011-12-05 13:14:00,4.95,14083,United Kingdom,4.95,2011,2011-12,True,Sale,Merchandise
527163,580695,21446,12 RED ROSE PEG PLACE SETTINGS,1,2011-12-05 16:03:00,1.25,13230,United Kingdom,1.25,2011,2011-12,True,Sale,Merchandise
528733,580729,84947,ANTIQUE SILVER TEA GLASS ENGRAVED,25,2011-12-05 17:24:00,2.46,,United Kingdom,61.5,2011,2011-12,False,Sale,Merchandise
528970,580730,22110,BIRD HOUSE HOT WATER BOTTLE,5,2011-12-05 17:28:00,5.79,,United Kingdom,28.95,2011,2011-12,False,Sale,Merchandise
529044,580730,22474,SPACEBOY TV DINNER TRAY,1,2011-12-05 17:28:00,10.79,,United Kingdom,10.79,2011,2011-12,False,Sale,Merchandise
529460,580730,90003C,MIDNIGHT BLUE PAIR HEART HAIR SLIDE,1,2011-12-05 17:28:00,3.73,,United Kingdom,3.73,2011,2011-12,False,Sale,Merchandise
529849,580754,22748,POPPY'S PLAYHOUSE KITCHEN,1,2011-12-06 10:05:00,3.29,,United Kingdom,3.29,2011,2011-12,False,Sale,Merchandise
530018,580771,22640,SET OF 4 NAPKIN CHARMS 3 KEYS,4,2011-12-06 10:58:00,0.79,16015,United Kingdom,3.16,2011,2011-12,True,Sale,Merchandise
530412,580865,22557,PLASTERS IN TIN VINTAGE PAISLEY,1,2011-12-06 11:58:00,1.65,17914,United Kingdom,1.65,2011,2011-12,True,Sale,Merchandise
530698,580879,20718,RED RETROSPOT SHOPPER BAG,2,2011-12-06 12:18:00,1.25,17346,United Kingdom,2.5,2011,2011-12,True,Sale,Merchandise
531506,580956,21564,PINK  HEART SHAPE LOVE BUCKET,3,2011-12-06 14:23:00,0.79,17841,United Kingdom,2.37,2011,2011-12,True,Sale,Merchandise
531540,580956,22494,EMERGENCY FIRST AID TIN,1,2011-12-06 14:23:00,1.25,17841,United Kingdom,1.25,2011,2011-12,True,Sale,Merchandise
531714,580960,20769,DAISY JOURNAL,1,2011-12-06 14:35:00,2.55,16016,United Kingdom,2.55,2011,2011-12,True,Sale,Merchandise
531950,580980,22348,TEA BAG PLATE RED RETROSPOT,12,2011-12-06 15:43:00,0.85,17730,United Kingdom,10.2,2011,2011-12,True,Sale,Merchandise
532574,580983,23373,VINTAGE CHRISTMAS PAPER GIFT BAG,8,2011-12-06 16:26:00,1.63,,United Kingdom,13.04,2011,2011-12,False,Sale,Merchandise
533371,581023,22630,DOLLY GIRL LUNCH BOX,3,2011-12-07 10:35:00,2.46,,United Kingdom,7.38,2011,2011-12,False,Sale,Merchandise
533584,581068,23232,WRAP VINTAGE LEAF DESIGN,25,2011-12-07 11:26:00,0.42,16191,United Kingdom,10.5,2011,2011-12,True,Sale,Merchandise
535358,581216,48194,DOORMAT HEARTS,4,2011-12-08 09:06:00,8.25,16523,United Kingdom,33.0,2011,2011-12,True,Sale,Merchandise
536061,581218,22057,CERAMIC PLATE STRAWBERRY DESIGN,32,2011-12-08 09:23:00,0.39,14191,United Kingdom,12.48,2011,2011-12,True,Sale,Merchandise
536912,581227,22139,RETROSPOT TEA SET CERAMIC 11 PC,6,2011-12-08 09:56:00,4.95,17677,United Kingdom,29.700000000000003,2011,2011-12,True,Sale,Merchandise
537286,581246,23496,PANTRY KITCHEN THERMOMETER,2,2011-12-08 10:59:00,1.25,15453,United Kingdom,2.5,2011,2011-12,True,Sale,Merchandise
537849,581356,21524,DOORMAT SPOTTY HOME SWEET HOME,2,2011-12-08 12:28:00,8.25,17830,United Kingdom,16.5,2011,2011-12,True,Sale,Merchandise
538002,581380,22630,DOLLY GIRL LUNCH BOX,12,2011-12-08 12:52:00,1.95,13102,United Kingdom,23.4,2011,2011-12,True,Sale,Merchandise
538218,581402,22587,FELTCRAFT HAIRBAND RED AND BLUE,1,2011-12-08 13:45:00,0.85,14653,United Kingdom,0.85,2011,2011-12,True,Sale,Merchandise
538946,581425,22423,REGENCY CAKESTAND 3 TIER,1,2011-12-08 15:31:00,12.75,14796,United Kingdom,12.75,2011,2011-12,True,Sale,Merchandise
539036,581426,70006,LOVE HEART POCKET WARMER,4,2011-12-08 15:31:00,0.79,17757,United Kingdom,3.16,2011,2011-12,True,Sale,Merchandise
539415,581439,21088,SET/6 FRUIT SALAD PAPER CUPS,1,2011-12-08 16:30:00,0.83,,United Kingdom,0.83,2011,2011-12,False,Sale,Merchandise
539840,581439,23323,WHITE WICKER STAR,8,2011-12-08 16:30:00,4.13,,United Kingdom,33.04,2011,2011-12,False,Sale,Merchandise
540585,581492,20979,36 PENCILS TUBE RED RETROSPOT,3,2011-12-09 10:03:00,2.46,,United Kingdom,7.38,2011,2011-12,False,Sale,Merchandise
541023,581492,22819,"BIRTHDAY CARD, RETRO SPOT",3,2011-12-09 10:03:00,0.42,,United Kingdom,1.26,2011,2011-12,False,Sale,Merchandise
541130,581492,23234,BISCUIT TIN VINTAGE CHRISTMAS,4,2011-12-09 10:03:00,5.79,,United Kingdom,23.16,2011,2011-12,False,Sale,Merchandise
541295,581497,22727,ALARM CLOCK BAKELIKE RED,10,2011-12-09 10:23:00,8.29,,United Kingdom,82.89999999999999,2011,2011-12,False,Sale,Merchandise
